cdm_id,created,tca,tca_date,tca_year,tca_month,emergency_reportable,fy1c_norad_id,fy1c_object_name,fy1c_object_type,fy1c_rcs,other_norad_id,other_object_name,other_object_type,other_rcs,miss_distance_km,miss_distance_m,collision_probability,pc_log10,is_debris_on_debris
1394976399,2026-03-20 12:16:02.000000,2026-03-21T08:35:41.865000,2026-03-21,2026,3,Y,37928,FENGYUN 1C DEB,DEBRIS,SMALL,30391,FENGYUN 1C DEB,DEBRIS,SMALL,178.0,178000.0,0.0001144851,-3.9413,True
1396064733,2026-03-21 05:46:09.000000,2026-03-21T09:54:39.733000,2026-03-21,2026,3,Y,37918,FENGYUN 1C DEB,DEBRIS,SMALL,30895,FENGYUN 1C DEB,DEBRIS,SMALL,154.0,154000.0,0.0001143261,-3.9419,True
1396373430,2026-03-21 12:08:47.000000,2026-03-21T17:28:56.973000,2026-03-21,2026,3,Y,30706,FENGYUN 1C DEB,DEBRIS,SMALL,12713,COSMOS 1275 DEB,DEBRIS,SMALL,12.0,12000.0,0.0008556953,-3.0677,False
1395416615,2026-03-20 21:49:15.000000,2026-03-21T17:28:57.020000,2026-03-21,2026,3,Y,30706,FENGYUN 1C DEB,DEBRIS,SMALL,12713,COSMOS 1275 DEB,DEBRIS,SMALL,208.0,208000.0,0.000207468,-3.683,False
1397009870,2026-03-21 22:09:11.000000,2026-03-21T23:21:56.855000,2026-03-21,2026,3,Y,30467,FENGYUN 1C DEB,DEBRIS,SMALL,54446,CZ-6A DEB,DEBRIS,SMALL,48.0,48000.0,0.00013396,-3.873,False
1395430391,2026-03-20 21:50:31.000000,2026-03-22T06:29:09.911000,2026-03-22,2026,3,Y,31239,FENGYUN 1C DEB,DEBRIS,SMALL,38285,METEOR 2-17 DEB,DEBRIS,SMALL,418.0,418000.0,0.0001003549,-3.9985,False
1396036053,2026-03-21 05:46:19.000000,2026-03-22T06:29:09.929000,2026-03-22,2026,3,Y,31239,FENGYUN 1C DEB,DEBRIS,SMALL,38285,METEOR 2-17 DEB,DEBRIS,SMALL,392.0,392000.0,0.000104771,-3.9798,False
1396372350,2026-03-21 12:08:38.000000,2026-03-22T13:45:29.494000,2026-03-22,2026,3,Y,30248,FENGYUN 1C DEB,DEBRIS,SMALL,4071,SL-8 R/B,ROCKET BODY,LARGE,333.0,333000.0,0.0001840101,-3.7352,False
1395415426,2026-03-20 21:49:04.000000,2026-03-22T13:45:29.550000,2026-03-22,2026,3,Y,30248,FENGYUN 1C DEB,DEBRIS,SMALL,4071,SL-8 R/B,ROCKET BODY,LARGE,305.0,305000.0,0.0001008424,-3.9964,False
1396051526,2026-03-21 05:42:22.000000,2026-03-22T13:45:30.006000,2026-03-22,2026,3,Y,30248,FENGYUN 1C DEB,DEBRIS,SMALL,4071,SL-8 R/B,ROCKET BODY,LARGE,135.0,135000.0,0.0001520598,-3.818,False
1397058312,2026-03-21 22:15:15.000000,2026-03-22T16:49:46.522000,2026-03-22,2026,3,Y,30064,FENGYUN 1C DEB,DEBRIS,SMALL,61381,CZ-6A DEB,DEBRIS,SMALL,91.0,91000.0,0.0002044145,-3.6895,False
1396471121,2026-03-21 12:16:48.000000,2026-03-22T16:49:46.568000,2026-03-22,2026,3,Y,30064,FENGYUN 1C DEB,DEBRIS,SMALL,61381,CZ-6A DEB,DEBRIS,SMALL,168.0,168000.0,0.0001000877,-3.9996,False
1395494361,2026-03-20 21:57:56.000000,2026-03-22T16:49:46.579000,2026-03-22,2026,3,Y,30064,FENGYUN 1C DEB,DEBRIS,SMALL,61381,CZ-6A DEB,DEBRIS,SMALL,163.0,163000.0,0.0002500034,-3.6021,False
1396404441,2026-03-21 12:11:54.000000,2026-03-22T23:12:48.567000,2026-03-22,2026,3,Y,47100,FENGYUN 1C DEB *,DEBRIS,SMALL,8458,COSMOS 783,PAYLOAD,LARGE,551.0,551000.0,0.0001889775,-3.7236,False
1395414360,2026-03-20 21:48:59.000000,2026-03-23T00:16:55.312000,2026-03-23,2026,3,Y,29791,FENGYUN 1C DEB,DEBRIS,SMALL,28479,SHIYAN 2 (SY-2),PAYLOAD,LARGE,392.0,392000.0,0.0001560269,-3.8068,False
1396371324,2026-03-21 12:08:31.000000,2026-03-23T00:16:55.439000,2026-03-23,2026,3,Y,29791,FENGYUN 1C DEB,DEBRIS,SMALL,28479,SHIYAN 2 (SY-2),PAYLOAD,LARGE,702.0,702000.0,0.0001264777,-3.898,False
1398936290,2026-03-22 21:42:24.000000,2026-03-23T02:08:04.333000,2026-03-23,2026,3,Y,33665,FENGYUN 1C DEB,DEBRIS,SMALL,1272,PORCUPINE 1,PAYLOAD,MEDIUM,60.0,60000.0,0.0002727974,-3.5642,False
1398017530,2026-03-22 12:47:26.000000,2026-03-23T02:08:04.345000,2026-03-23,2026,3,Y,33665,FENGYUN 1C DEB,DEBRIS,SMALL,1272,PORCUPINE 1,PAYLOAD,MEDIUM,17.0,17000.0,0.0002211835,-3.6552,False
1396961959,2026-03-21 22:02:53.000000,2026-03-23T02:08:04.358000,2026-03-23,2026,3,Y,33665,FENGYUN 1C DEB,DEBRIS,SMALL,1272,PORCUPINE 1,PAYLOAD,MEDIUM,106.0,106000.0,0.000123522,-3.9083,False
1397341412,2026-03-22 05:08:08.000000,2026-03-23T02:08:04.370000,2026-03-23,2026,3,Y,33665,FENGYUN 1C DEB,DEBRIS,SMALL,1272,PORCUPINE 1,PAYLOAD,MEDIUM,180.0,180000.0,0.0001605581,-3.7944,False
1396939951,2026-03-21 21:59:15.000000,2026-03-23T11:18:39.622000,2026-03-23,2026,3,Y,30549,FENGYUN 1C DEB,DEBRIS,SMALL,446,ANNA 1B,PAYLOAD,MEDIUM,206.0,206000.0,0.0005736335,-3.2414,False
1397336423,2026-03-22 05:06:36.000000,2026-03-23T11:18:39.628000,2026-03-23,2026,3,Y,30549,FENGYUN 1C DEB,DEBRIS,SMALL,446,ANNA 1B,PAYLOAD,MEDIUM,179.0,179000.0,0.0008083595,-3.0924,False
1399567181,2026-03-23 05:41:04.000000,2026-03-23T11:18:39.636000,2026-03-23,2026,3,Y,30549,FENGYUN 1C DEB,DEBRIS,SMALL,446,ANNA 1B,PAYLOAD,MEDIUM,181.0,181000.0,0.001066252,-2.9721,False
1398012615,2026-03-22 12:46:38.000000,2026-03-23T11:18:39.660000,2026-03-23,2026,3,Y,30549,FENGYUN 1C DEB,DEBRIS,SMALL,446,ANNA 1B,PAYLOAD,MEDIUM,84.0,84000.0,0.0009663949,-3.0148,False
1398936102,2026-03-22 21:42:22.000000,2026-03-23T11:18:39.661000,2026-03-23,2026,3,Y,30549,FENGYUN 1C DEB,DEBRIS,SMALL,446,ANNA 1B,PAYLOAD,MEDIUM,83.0,83000.0,0.001061826,-2.9739,False
1395416240,2026-03-20 21:49:10.000000,2026-03-23T11:18:39.739000,2026-03-23,2026,3,Y,30549,FENGYUN 1C DEB,DEBRIS,SMALL,446,ANNA 1B,PAYLOAD,MEDIUM,775.0,775000.0,0.0002891584,-3.5389,False
1396373097,2026-03-21 12:08:45.000000,2026-03-23T11:18:39.743000,2026-03-23,2026,3,Y,30549,FENGYUN 1C DEB,DEBRIS,SMALL,446,ANNA 1B,PAYLOAD,MEDIUM,865.0,865000.0,0.0003200779,-3.4947,False
1399648603,2026-03-23 05:46:34.000000,2026-03-23T13:15:26.714000,2026-03-23,2026,3,Y,37928,FENGYUN 1C DEB,DEBRIS,SMALL,55551,CZ-6A DEB,DEBRIS,SMALL,109.0,109000.0,0.0002621112,-3.5815,False
1400085498,2026-03-23 12:50:35.000000,2026-03-23T13:15:26.720000,2026-03-23,2026,3,Y,37928,FENGYUN 1C DEB,DEBRIS,SMALL,55551,CZ-6A DEB,DEBRIS,SMALL,122.0,122000.0,0.0001101972,-3.9578,False
1397014426,2026-03-21 22:09:55.000000,2026-03-23T13:15:26.910000,2026-03-23,2026,3,Y,37928,FENGYUN 1C DEB,DEBRIS,SMALL,55551,CZ-6A DEB,DEBRIS,SMALL,281.0,281000.0,0.0001066684,-3.972,False
1399565644,2026-03-23 05:40:54.000000,2026-03-23T15:54:24.583000,2026-03-23,2026,3,Y,29938,FENGYUN 1C DEB,DEBRIS,MEDIUM,29215,CZ-4B DEB,DEBRIS,SMALL,149.0,149000.0,0.0001465953,-3.8339,False
1397334871,2026-03-22 05:06:17.000000,2026-03-23T15:54:24.588000,2026-03-23,2026,3,Y,29938,FENGYUN 1C DEB,DEBRIS,MEDIUM,29215,CZ-4B DEB,DEBRIS,SMALL,210.0,210000.0,0.0002016749,-3.6953,False
1398011122,2026-03-22 12:46:25.000000,2026-03-23T15:54:24.591000,2026-03-23,2026,3,Y,29938,FENGYUN 1C DEB,DEBRIS,MEDIUM,29215,CZ-4B DEB,DEBRIS,SMALL,154.0,154000.0,0.0002763519,-3.5585,False
1397356107,2026-03-22 05:11:13.000000,2026-03-23T23:07:12.817000,2026-03-23,2026,3,Y,30503,FENGYUN 1C DEB,DEBRIS,SMALL,41410,NOAA 16 DEB,DEBRIS,SMALL,311.0,311000.0,0.0001779331,-3.7497,False
1396976777,2026-03-21 22:05:22.000000,2026-03-23T23:07:12.823000,2026-03-23,2026,3,Y,30503,FENGYUN 1C DEB,DEBRIS,SMALL,41410,NOAA 16 DEB,DEBRIS,SMALL,311.0,311000.0,0.000156376,-3.8058,False
1396391841,2026-03-21 12:10:46.000000,2026-03-23T23:07:12.971000,2026-03-23,2026,3,Y,30503,FENGYUN 1C DEB,DEBRIS,SMALL,41410,NOAA 16 DEB,DEBRIS,SMALL,120.0,120000.0,0.000138343,-3.859,False
1400693183,2026-03-23 21:59:15.000000,2026-03-24T01:28:43.819000,2026-03-24,2026,3,Y,30234,FENGYUN 1C DEB,DEBRIS,SMALL,41138,NOAA 16 DEB,DEBRIS,SMALL,70.0,70000.0,0.0008859209,-3.0526,False
1400076238,2026-03-23 12:45:46.000000,2026-03-24T01:28:43.823000,2026-03-24,2026,3,Y,30234,FENGYUN 1C DEB,DEBRIS,SMALL,41138,NOAA 16 DEB,DEBRIS,SMALL,150.0,150000.0,0.0002032457,-3.692,False
1397010636,2026-03-21 22:09:19.000000,2026-03-24T01:42:31.577000,2026-03-24,2026,3,Y,30661,FENGYUN 1C DEB,DEBRIS,SMALL,54604,CZ-6A DEB,DEBRIS,SMALL,128.0,128000.0,0.0004287439,-3.3678,False
1397381151,2026-03-22 05:16:41.000000,2026-03-24T01:42:31.578000,2026-03-24,2026,3,Y,30661,FENGYUN 1C DEB,DEBRIS,SMALL,54604,CZ-6A DEB,DEBRIS,SMALL,128.0,128000.0,0.0002249728,-3.6479,False
1396373319,2026-03-21 12:08:46.000000,2026-03-24T01:42:31.591000,2026-03-24,2026,3,Y,30661,FENGYUN 1C DEB,DEBRIS,SMALL,54604,CZ-6A DEB,DEBRIS,SMALL,68.0,68000.0,0.001086377,-2.964,False
1396085265,2026-03-21 05:52:06.000000,2026-03-24T01:42:31.626000,2026-03-24,2026,3,Y,30661,FENGYUN 1C DEB,DEBRIS,SMALL,54604,CZ-6A DEB,DEBRIS,SMALL,123.0,123000.0,0.0006333683,-3.1983,False
1400056402,2026-03-23 12:42:19.000000,2026-03-24T07:02:12.141000,2026-03-24,2026,3,Y,30465,FENGYUN 1C DEB,DEBRIS,SMALL,24903,IRIDIUM 26,PAYLOAD,LARGE,78.0,78000.0,0.00127145,-2.8957,False
1399566915,2026-03-23 05:41:01.000000,2026-03-24T07:02:12.227000,2026-03-24,2026,3,Y,30465,FENGYUN 1C DEB,DEBRIS,SMALL,24903,IRIDIUM 26,PAYLOAD,LARGE,163.0,163000.0,0.0008076602,-3.0928,False
1398946521,2026-03-22 21:44:30.000000,2026-03-24T07:02:12.286000,2026-03-24,2026,3,Y,30465,FENGYUN 1C DEB,DEBRIS,SMALL,24903,IRIDIUM 26,PAYLOAD,LARGE,202.0,202000.0,0.0009901031,-3.0043,False
1398012374,2026-03-22 12:46:36.000000,2026-03-24T07:02:12.349000,2026-03-24,2026,3,Y,30465,FENGYUN 1C DEB,DEBRIS,SMALL,24903,IRIDIUM 26,PAYLOAD,LARGE,234.0,234000.0,0.0009927287,-3.0032,False
1396372863,2026-03-21 12:08:44.000000,2026-03-24T07:02:12.453000,2026-03-24,2026,3,Y,30465,FENGYUN 1C DEB,DEBRIS,SMALL,24903,IRIDIUM 26,PAYLOAD,LARGE,331.0,331000.0,0.0007611967,-3.1185,False
1396950204,2026-03-21 22:00:56.000000,2026-03-24T07:02:12.465000,2026-03-24,2026,3,Y,30465,FENGYUN 1C DEB,DEBRIS,SMALL,24903,IRIDIUM 26,PAYLOAD,LARGE,339.0,339000.0,0.000773109,-3.1118,False
1397336168,2026-03-22 05:06:31.000000,2026-03-24T07:02:12.487000,2026-03-24,2026,3,Y,30465,FENGYUN 1C DEB,DEBRIS,SMALL,24903,IRIDIUM 26,PAYLOAD,LARGE,348.0,348000.0,0.0006264983,-3.2031,False
1400711368,2026-03-23 22:02:10.000000,2026-03-24T13:42:01.298000,2026-03-24,2026,3,Y,31512,FENGYUN 1C DEB,DEBRIS,SMALL,49478,NOAA 17 DEB,DEBRIS,SMALL,261.0,261000.0,0.0001026849,-3.9885,False
1399549698,2026-03-23 05:39:41.000000,2026-03-24T15:58:13.413000,2026-03-24,2026,3,Y,36647,FENGYUN 1C DEB,DEBRIS,SMALL,20527,COSMOS 2061,PAYLOAD,LARGE,652.0,652000.0,0.0002307021,-3.6369,False
1400067462,2026-03-23 12:44:25.000000,2026-03-24T15:58:13.425000,2026-03-24,2026,3,Y,36647,FENGYUN 1C DEB,DEBRIS,SMALL,20527,COSMOS 2061,PAYLOAD,LARGE,483.0,483000.0,0.0002721611,-3.5652,False
1401417864,2026-03-24 05:51:17.000000,2026-03-24T15:58:13.454000,2026-03-24,2026,3,Y,36647,FENGYUN 1C DEB,DEBRIS,SMALL,20527,COSMOS 2061,PAYLOAD,LARGE,315.0,315000.0,0.0003454785,-3.4616,False
1401898858,2026-03-24 12:31:10.000000,2026-03-24T15:58:13.457000,2026-03-24,2026,3,Y,36647,FENGYUN 1C DEB,DEBRIS,SMALL,20527,COSMOS 2061,PAYLOAD,LARGE,278.0,278000.0,0.0003386103,-3.4703,False
1400684772,2026-03-23 21:57:56.000000,2026-03-24T15:58:13.461000,2026-03-24,2026,3,Y,36647,FENGYUN 1C DEB,DEBRIS,SMALL,20527,COSMOS 2061,PAYLOAD,LARGE,67.0,67000.0,0.0007407155,-3.1303,False
1401932645,2026-03-24 12:32:30.000000,2026-03-24T18:29:55.692000,2026-03-24,2026,3,Y,47007,FENGYUN 1C DEB,DEBRIS,,41045,NOAA 16 DEB,DEBRIS,SMALL,105.0,105000.0,0.0001625848,-3.7889,False
1401426159,2026-03-24 05:52:40.000000,2026-03-24T18:29:55.695000,2026-03-24,2026,3,Y,47007,FENGYUN 1C DEB,DEBRIS,,41045,NOAA 16 DEB,DEBRIS,SMALL,94.0,94000.0,0.0001597073,-3.7967,False
1400705670,2026-03-23 22:01:13.000000,2026-03-24T18:29:55.727000,2026-03-24,2026,3,Y,47007,FENGYUN 1C DEB,DEBRIS,,41045,NOAA 16 DEB,DEBRIS,SMALL,31.0,31000.0,0.0001480517,-3.8296,False
1400690259,2026-03-23 21:58:49.000000,2026-03-24T20:02:21.525000,2026-03-24,2026,3,Y,30315,FENGYUN 1C DEB,DEBRIS,SMALL,39632,DMSP 5D-3 F19 DEB,DEBRIS,SMALL,137.0,137000.0,0.001022894,-2.9902,False
1401930016,2026-03-24 12:32:02.000000,2026-03-24T20:02:21.644000,2026-03-24,2026,3,Y,30315,FENGYUN 1C DEB,DEBRIS,SMALL,39632,DMSP 5D-3 F19 DEB,DEBRIS,SMALL,1.0,1000.0,0.003421283,-2.4658,False
1401423409,2026-03-24 05:52:14.000000,2026-03-24T20:02:21.647000,2026-03-24,2026,3,Y,30315,FENGYUN 1C DEB,DEBRIS,SMALL,39632,DMSP 5D-3 F19 DEB,DEBRIS,SMALL,17.0,17000.0,0.001805691,-2.7434,False
1401426206,2026-03-24 05:52:40.000000,2026-03-24T21:30:22.569000,2026-03-24,2026,3,Y,30606,FENGYUN 1C DEB,DEBRIS,SMALL,41060,NOAA 16 DEB,DEBRIS,SMALL,92.0,92000.0,0.000250288,-3.6016,False
1401932690,2026-03-24 12:32:31.000000,2026-03-24T21:30:22.594000,2026-03-24,2026,3,Y,30606,FENGYUN 1C DEB,DEBRIS,SMALL,41060,NOAA 16 DEB,DEBRIS,SMALL,225.0,225000.0,0.0001637426,-3.7858,False
1400693063,2026-03-23 21:59:14.000000,2026-03-24T21:30:22.630000,2026-03-24,2026,3,Y,30606,FENGYUN 1C DEB,DEBRIS,SMALL,41060,NOAA 16 DEB,DEBRIS,SMALL,209.0,209000.0,0.0001794529,-3.746,False
1401891508,2026-03-24 12:30:02.000000,2026-03-24T22:25:54.194000,2026-03-24,2026,3,Y,31948,FENGYUN 1C DEB,DEBRIS,SMALL,62237,CZ-6A R/B,ROCKET BODY,LARGE,327.0,327000.0,0.0001137572,-3.944,False
1399568525,2026-03-23 05:41:19.000000,2026-03-25T01:28:13.542000,2026-03-25,2026,3,Y,31071,FENGYUN 1C DEB,DEBRIS,SMALL,34387,COSMOS 2251 DEB,DEBRIS,SMALL,239.0,239000.0,0.0001635434,-3.7864,False
1402487183,2026-03-24 22:19:05.000000,2026-03-25T07:17:10.532000,2026-03-25,2026,3,Y,31235,FENGYUN 1C DEB,DEBRIS,SMALL,85004,UNKNOWN,UNKNOWN,SMALL,212.0,212000.0,0.0002562303,-3.5914,False
1401888575,2026-03-24 12:29:49.000000,2026-03-25T07:17:10.547000,2026-03-25,2026,3,Y,31235,FENGYUN 1C DEB,DEBRIS,SMALL,85004,UNKNOWN,UNKNOWN,SMALL,273.0,273000.0,0.0002613946,-3.5827,False
1400058411,2026-03-23 12:42:44.000000,2026-03-25T07:17:10.560000,2026-03-25,2026,3,Y,31235,FENGYUN 1C DEB,DEBRIS,SMALL,85004,UNKNOWN,UNKNOWN,SMALL,426.0,426000.0,0.0004894352,-3.3103,False
1401408125,2026-03-24 05:49:37.000000,2026-03-25T07:17:10.623000,2026-03-25,2026,3,Y,31235,FENGYUN 1C DEB,DEBRIS,SMALL,85004,UNKNOWN,UNKNOWN,SMALL,501.0,501000.0,0.0003111888,-3.507,False
1400675234,2026-03-23 21:56:19.000000,2026-03-25T07:17:10.724000,2026-03-25,2026,3,Y,31235,FENGYUN 1C DEB,DEBRIS,SMALL,85004,UNKNOWN,UNKNOWN,SMALL,679.0,679000.0,0.000174704,-3.7577,False
1399037822,2026-03-22 22:01:58.000000,2026-03-25T13:33:22.478000,2026-03-25,2026,3,Y,38137,FENGYUN 1C DEB,DEBRIS,SMALL,61421,CZ-6A DEB,DEBRIS,SMALL,197.0,197000.0,0.0001648226,-3.783,False
1403508971,2026-03-25 12:41:19.000000,2026-03-25T14:21:57.387000,2026-03-25,2026,3,Y,31535,FENGYUN 1C DEB,DEBRIS,SMALL,13801,COSMOS 1275 DEB,DEBRIS,SMALL,319.0,319000.0,0.0001029111,-3.9875,False
1403516864,2026-03-25 12:42:33.000000,2026-03-25T16:33:54.439000,2026-03-25,2026,3,Y,32324,FENGYUN 1C DEB,DEBRIS,SMALL,36336,METEOR 2-8 DEB,DEBRIS,SMALL,106.0,106000.0,0.0001219764,-3.9137,False
1403002880,2026-03-25 06:00:31.000000,2026-03-25T16:33:54.447000,2026-03-25,2026,3,Y,32324,FENGYUN 1C DEB,DEBRIS,SMALL,36336,METEOR 2-8 DEB,DEBRIS,SMALL,134.0,134000.0,0.0001059435,-3.9749,False
1402496209,2026-03-24 22:20:47.000000,2026-03-25T16:33:54.448000,2026-03-25,2026,3,Y,32324,FENGYUN 1C DEB,DEBRIS,SMALL,36336,METEOR 2-8 DEB,DEBRIS,SMALL,155.0,155000.0,0.0001123737,-3.9493,False
1401898334,2026-03-24 12:31:06.000000,2026-03-25T16:33:54.449000,2026-03-25,2026,3,Y,32324,FENGYUN 1C DEB,DEBRIS,SMALL,36336,METEOR 2-8 DEB,DEBRIS,SMALL,148.0,148000.0,0.0001114848,-3.9528,False
1400058943,2026-03-23 12:42:52.000000,2026-03-25T19:53:31.997000,2026-03-25,2026,3,Y,31420,FENGYUN 1C DEB,DEBRIS,SMALL,16969,NOAA 10,PAYLOAD,LARGE,816.0,816000.0,0.0001862583,-3.7299,False
1399565722,2026-03-23 05:40:56.000000,2026-03-25T22:32:18.091000,2026-03-25,2026,3,Y,29976,FENGYUN 1C DEB,DEBRIS,SMALL,26063,OPAL,PAYLOAD,MEDIUM,729.0,729000.0,0.000471367,-3.3266,False
1400055207,2026-03-23 12:42:07.000000,2026-03-25T22:32:18.113000,2026-03-25,2026,3,Y,29976,FENGYUN 1C DEB,DEBRIS,SMALL,26063,OPAL,PAYLOAD,MEDIUM,680.0,680000.0,0.0003492706,-3.4568,False
1401407595,2026-03-24 05:49:33.000000,2026-03-26T02:30:07.404000,2026-03-26,2026,3,Y,31049,FENGYUN 1C DEB,DEBRIS,SMALL,20890,CZ-4 DEB,DEBRIS,SMALL,275.0,275000.0,0.0001264462,-3.8981,False
1402486692,2026-03-24 22:19:00.000000,2026-03-26T02:30:07.405000,2026-03-26,2026,3,Y,31049,FENGYUN 1C DEB,DEBRIS,SMALL,20890,CZ-4 DEB,DEBRIS,SMALL,253.0,253000.0,0.0001522365,-3.8175,False
1401888063,2026-03-24 12:29:45.000000,2026-03-26T02:30:07.407000,2026-03-26,2026,3,Y,31049,FENGYUN 1C DEB,DEBRIS,SMALL,20890,CZ-4 DEB,DEBRIS,SMALL,247.0,247000.0,0.0001485831,-3.828,False
1404345832,2026-03-26 00:04:02.000000,2026-03-26T02:30:07.408000,2026-03-26,2026,3,Y,31049,FENGYUN 1C DEB,DEBRIS,SMALL,20890,CZ-4 DEB,DEBRIS,SMALL,243.0,243000.0,0.0001749786,-3.757,False
1402993543,2026-03-25 05:58:44.000000,2026-03-26T02:30:07.409000,2026-03-26,2026,3,Y,31049,FENGYUN 1C DEB,DEBRIS,SMALL,20890,CZ-4 DEB,DEBRIS,SMALL,254.0,254000.0,0.0001621689,-3.79,False
1400674708,2026-03-23 21:56:15.000000,2026-03-26T02:30:07.415000,2026-03-26,2026,3,Y,31049,FENGYUN 1C DEB,DEBRIS,SMALL,20890,CZ-4 DEB,DEBRIS,SMALL,215.0,215000.0,0.0001279244,-3.893,False
1399566088,2026-03-23 05:40:56.000000,2026-03-26T03:01:41.032000,2026-03-26,2026,3,Y,30115,FENGYUN 1C DEB,DEBRIS,SMALL,118,THOR ABLESTAR R/B,ROCKET BODY,LARGE,737.0,737000.0,0.0002434867,-3.6135,False
1400055586,2026-03-23 12:42:11.000000,2026-03-26T03:01:41.065000,2026-03-26,2026,3,Y,30115,FENGYUN 1C DEB,DEBRIS,SMALL,118,THOR ABLESTAR R/B,ROCKET BODY,LARGE,668.0,668000.0,0.000243828,-3.6129,False
1400672211,2026-03-23 21:55:45.000000,2026-03-26T03:01:41.137000,2026-03-26,2026,3,Y,30115,FENGYUN 1C DEB,DEBRIS,SMALL,118,THOR ABLESTAR R/B,ROCKET BODY,LARGE,498.0,498000.0,0.0002170977,-3.6633,False
1400671915,2026-03-23 21:55:42.000000,2026-03-26T06:58:40.485000,2026-03-26,2026,3,Y,30023,FENGYUN 1C DEB,DEBRIS,SMALL,61815,CZ-6A DEB,DEBRIS,SMALL,941.0,941000.0,0.0001083956,-3.965,False
1406227174,2026-03-26 23:17:05.000000,2026-03-27T01:19:25.677000,2026-03-27,2026,3,Y,32223,FENGYUN 1C DEB,DEBRIS,SMALL,29841,FENGYUN 1C DEB,DEBRIS,SMALL,108.0,108000.0,0.0002042972,-3.6897,True
1405479578,2026-03-26 12:35:18.000000,2026-03-27T01:19:25.685000,2026-03-27,2026,3,Y,32223,FENGYUN 1C DEB,DEBRIS,SMALL,29841,FENGYUN 1C DEB,DEBRIS,SMALL,88.0,88000.0,0.0002054042,-3.6874,True
1405010054,2026-03-26 05:28:19.000000,2026-03-27T01:19:25.721000,2026-03-27,2026,3,Y,32223,FENGYUN 1C DEB,DEBRIS,SMALL,29841,FENGYUN 1C DEB,DEBRIS,SMALL,53.0,53000.0,0.000160272,-3.7951,True
1404348801,2026-03-26 00:04:27.000000,2026-03-27T01:19:25.726000,2026-03-27,2026,3,Y,32223,FENGYUN 1C DEB,DEBRIS,SMALL,29841,FENGYUN 1C DEB,DEBRIS,SMALL,77.0,77000.0,0.0001397075,-3.8548,True
1406887685,2026-03-27 05:37:38.000000,2026-03-27T06:03:08.325000,2026-03-27,2026,3,Y,29975,FENGYUN 1C DEB,DEBRIS,SMALL,34346,COSMOS 2251 DEB,DEBRIS,SMALL,384.0,384000.0,0.0001230308,-3.91,False
1406229653,2026-03-26 23:17:27.000000,2026-03-27T06:03:08.326000,2026-03-27,2026,3,Y,29975,FENGYUN 1C DEB,DEBRIS,SMALL,34346,COSMOS 2251 DEB,DEBRIS,SMALL,393.0,393000.0,0.000122928,-3.9103,False
1405482043,2026-03-26 12:35:41.000000,2026-03-27T06:03:08.330000,2026-03-27,2026,3,Y,29975,FENGYUN 1C DEB,DEBRIS,SMALL,34346,COSMOS 2251 DEB,DEBRIS,SMALL,362.0,362000.0,0.0001291008,-3.8891,False
1405012548,2026-03-26 05:28:45.000000,2026-03-27T06:03:08.339000,2026-03-27,2026,3,Y,29975,FENGYUN 1C DEB,DEBRIS,SMALL,34346,COSMOS 2251 DEB,DEBRIS,SMALL,231.0,231000.0,0.0001504818,-3.8225,False
1405009868,2026-03-26 05:28:16.000000,2026-03-27T14:28:47.502000,2026-03-27,2026,3,Y,32137,FENGYUN 1C DEB,DEBRIS,SMALL,59806,OBJECT B,UNKNOWN,LARGE,771.0,771000.0,0.0003191757,-3.496,False
1406957218,2026-03-27 06:06:43.000000,2026-03-27T17:28:04.166000,2026-03-27,2026,3,Y,30380,FENGYUN 1C DEB,DEBRIS,SMALL,33063,ORBCOMM FM 39,PAYLOAD,MEDIUM,67.0,67000.0,0.003949294,-2.4035,False
1406227574,2026-03-26 23:17:10.000000,2026-03-27T17:28:04.172000,2026-03-27,2026,3,Y,30380,FENGYUN 1C DEB,DEBRIS,SMALL,33063,ORBCOMM FM 39,PAYLOAD,MEDIUM,66.0,66000.0,0.0004500522,-3.3467,False
1407515531,2026-03-27 12:38:10.000000,2026-03-27T17:28:04.177000,2026-03-27,2026,3,Y,30380,FENGYUN 1C DEB,DEBRIS,SMALL,33063,ORBCOMM FM 39,PAYLOAD,MEDIUM,149.0,149000.0,0.0003158504,-3.5005,False
1407509275,2026-03-27 12:36:46.000000,2026-03-27T21:50:47.583000,2026-03-27,2026,3,Y,29962,FENGYUN 1C DEB,DEBRIS,SMALL,10120,COSMOS 923,PAYLOAD,LARGE,98.0,98000.0,0.0003181767,-3.4973,False
1407157846,2026-03-27 06:04:27.000000,2026-03-27T21:50:47.586000,2026-03-27,2026,3,Y,29962,FENGYUN 1C DEB,DEBRIS,SMALL,10120,COSMOS 923,PAYLOAD,LARGE,36.0,36000.0,0.001220804,-2.9134,False
1406879406,2026-03-27 05:36:13.000000,2026-03-27T21:50:47.588000,2026-03-27,2026,3,Y,29962,FENGYUN 1C DEB,DEBRIS,SMALL,10120,COSMOS 923,PAYLOAD,LARGE,55.0,55000.0,0.005394175,-2.2681,False
1406204148,2026-03-26 23:16:06.000000,2026-03-27T21:50:47.590000,2026-03-27,2026,3,Y,29962,FENGYUN 1C DEB,DEBRIS,SMALL,10120,COSMOS 923,PAYLOAD,LARGE,41.0,41000.0,0.00496597,-2.304,False
1405463792,2026-03-26 12:34:15.000000,2026-03-27T21:50:47.595000,2026-03-27,2026,3,Y,29962,FENGYUN 1C DEB,DEBRIS,SMALL,10120,COSMOS 923,PAYLOAD,LARGE,37.0,37000.0,0.002318691,-2.6348,False
1404343095,2026-03-26 00:03:38.000000,2026-03-27T21:50:47.596000,2026-03-27,2026,3,Y,29962,FENGYUN 1C DEB,DEBRIS,SMALL,10120,COSMOS 923,PAYLOAD,LARGE,41.0,41000.0,0.0003627607,-3.4404,False
1405004378,2026-03-26 05:27:13.000000,2026-03-27T21:50:47.600000,2026-03-27,2026,3,Y,29962,FENGYUN 1C DEB,DEBRIS,SMALL,10120,COSMOS 923,PAYLOAD,LARGE,27.0,27000.0,0.003731962,-2.4281,False
1403505003,2026-03-25 12:40:46.000000,2026-03-27T21:50:47.605000,2026-03-27,2026,3,Y,29962,FENGYUN 1C DEB,DEBRIS,SMALL,10120,COSMOS 923,PAYLOAD,LARGE,32.0,32000.0,0.001033905,-2.9855,False
1402990791,2026-03-25 05:58:11.000000,2026-03-27T21:50:47.607000,2026-03-27,2026,3,Y,29962,FENGYUN 1C DEB,DEBRIS,SMALL,10120,COSMOS 923,PAYLOAD,LARGE,31.0,31000.0,0.00101004,-2.9957,False
1402483842,2026-03-24 22:18:35.000000,2026-03-27T21:50:47.613000,2026-03-27,2026,3,Y,29962,FENGYUN 1C DEB,DEBRIS,SMALL,10120,COSMOS 923,PAYLOAD,LARGE,54.0,54000.0,0.0003129442,-3.5045,False
1408115206,2026-03-27 22:00:39.000000,2026-03-28T01:10:14.464000,2026-03-28,2026,3,Y,41822,FENGYUN 1C DEB,DEBRIS,SMALL,54562,CZ-6A DEB,DEBRIS,SMALL,149.0,149000.0,0.0002630428,-3.58,False
1403506821,2026-03-25 12:41:00.000000,2026-03-28T08:00:07.221000,2026-03-28,2026,3,Y,30718,FENGYUN 1C DEB,DEBRIS,SMALL,6392,METEOR 1-14,PAYLOAD,LARGE,609.0,609000.0,0.0001327501,-3.877,False
1403507113,2026-03-25 12:41:02.000000,2026-03-28T08:04:59.214000,2026-03-28,2026,3,Y,30822,FENGYUN 1C DEB,DEBRIS,SMALL,4419,METEOR 1-5,PAYLOAD,LARGE,149.0,149000.0,0.0008395707,-3.0759,False
1404345303,2026-03-26 00:03:56.000000,2026-03-28T08:04:59.219000,2026-03-28,2026,3,Y,30822,FENGYUN 1C DEB,DEBRIS,SMALL,4419,METEOR 1-5,PAYLOAD,LARGE,164.0,164000.0,0.0001075145,-3.9685,False
1405006555,2026-03-26 05:27:37.000000,2026-03-28T08:04:59.221000,2026-03-28,2026,3,Y,30822,FENGYUN 1C DEB,DEBRIS,SMALL,4419,METEOR 1-5,PAYLOAD,LARGE,161.0,161000.0,0.0001209289,-3.9175,False
1406880363,2026-03-27 05:36:22.000000,2026-03-28T19:50:52.969000,2026-03-28,2026,3,Y,30392,FENGYUN 1C DEB,DEBRIS,SMALL,82617,UNKNOWN,UNKNOWN,SMALL,234.0,234000.0,0.0006678562,-3.1753,False
1406205144,2026-03-26 23:16:15.000000,2026-03-28T19:50:52.976000,2026-03-28,2026,3,Y,30392,FENGYUN 1C DEB,DEBRIS,SMALL,82617,UNKNOWN,UNKNOWN,SMALL,331.0,331000.0,0.0004885311,-3.3111,False
1409338941,2026-03-28 12:29:46.000000,2026-03-28T19:50:53.011000,2026-03-28,2026,3,Y,30392,FENGYUN 1C DEB,DEBRIS,SMALL,82617,UNKNOWN,UNKNOWN,SMALL,13.0,13000.0,0.00466299,-2.3313,False
1408860740,2026-03-28 05:52:01.000000,2026-03-28T19:50:53.029000,2026-03-28,2026,3,Y,30392,FENGYUN 1C DEB,DEBRIS,SMALL,82617,UNKNOWN,UNKNOWN,SMALL,71.0,71000.0,0.002316286,-2.6352,False
1405464762,2026-03-26 12:34:28.000000,2026-03-28T19:50:53.047000,2026-03-28,2026,3,Y,30392,FENGYUN 1C DEB,DEBRIS,SMALL,82617,UNKNOWN,UNKNOWN,SMALL,524.0,524000.0,0.0003975845,-3.4006,False
1405005383,2026-03-26 05:27:25.000000,2026-03-28T19:50:53.092000,2026-03-28,2026,3,Y,30392,FENGYUN 1C DEB,DEBRIS,SMALL,82617,UNKNOWN,UNKNOWN,SMALL,806.0,806000.0,0.0002078107,-3.6823,False
1408962537,2026-03-28 06:01:12.000000,2026-03-28T21:54:51.200000,2026-03-28,2026,3,Y,31262,FENGYUN 1C DEB,DEBRIS,SMALL,57541,METEOR 1-17 DEB,DEBRIS,SMALL,51.0,51000.0,0.0002319607,-3.6346,False
1408128043,2026-03-27 22:02:31.000000,2026-03-28T21:54:51.229000,2026-03-28,2026,3,Y,31262,FENGYUN 1C DEB,DEBRIS,SMALL,57541,METEOR 1-17 DEB,DEBRIS,SMALL,50.0,50000.0,0.0002271771,-3.6436,False
1409376993,2026-03-28 12:41:45.000000,2026-03-28T22:05:28.479000,2026-03-28,2026,3,Y,31540,FENGYUN 1C DEB,DEBRIS,SMALL,60770,CZ-6A DEB,DEBRIS,SMALL,341.0,341000.0,0.0001629604,-3.7879,False
1409887472,2026-03-28 22:51:04.000000,2026-03-29T17:09:54.663000,2026-03-29,2026,3,Y,30056,FENGYUN 1C DEB,DEBRIS,SMALL,56605,CZ-6A DEB,DEBRIS,SMALL,70.0,70000.0,0.0001411331,-3.8504,False
1407010725,2026-03-27 06:17:35.000000,2026-03-30T00:52:51.638000,2026-03-30,2026,3,Y,31660,FENGYUN 1C DEB,DEBRIS,,60652,CZ-6A DEB,DEBRIS,LARGE,189.0,189000.0,0.0001307293,-3.8836,False
1406988603,2026-03-27 05:49:15.000000,2026-03-30T00:52:51.639000,2026-03-30,2026,3,Y,31660,FENGYUN 1C DEB,DEBRIS,,60652,CZ-6A DEB,DEBRIS,LARGE,189.0,189000.0,0.0001307294,-3.8836,False
1409342375,2026-03-28 12:30:18.000000,2026-03-30T00:52:51.647000,2026-03-30,2026,3,Y,31660,FENGYUN 1C DEB,DEBRIS,,60652,CZ-6A DEB,DEBRIS,LARGE,180.0,180000.0,0.0002033787,-3.6917,False
1409376320,2026-03-28 12:41:40.000000,2026-03-30T00:52:51.674000,2026-03-30,2026,3,Y,31660,FENGYUN 1C DEB,DEBRIS,,60652,CZ-6A DEB,DEBRIS,LARGE,210.0,210000.0,0.0001629744,-3.7879,False
1408923180,2026-03-28 06:04:13.000000,2026-03-30T00:52:51.746000,2026-03-30,2026,3,Y,31660,FENGYUN 1C DEB,DEBRIS,,60652,CZ-6A DEB,DEBRIS,LARGE,225.0,225000.0,0.0001439902,-3.8417,False
1408149352,2026-03-27 22:05:32.000000,2026-03-30T00:52:51.809000,2026-03-30,2026,3,Y,31660,FENGYUN 1C DEB,DEBRIS,,60652,CZ-6A DEB,DEBRIS,LARGE,262.0,262000.0,0.0001067214,-3.9717,False
1409854531,2026-03-28 22:44:06.000000,2026-03-30T04:24:52.891000,2026-03-30,2026,3,Y,30044,FENGYUN 1C DEB,DEBRIS,SMALL,14398,SL-8 DEB *,DEBRIS,SMALL,298.0,298000.0,0.0001149466,-3.9395,False
1408054865,2026-03-27 21:50:16.000000,2026-03-30T12:10:05.949000,2026-03-30,2026,3,Y,29906,FENGYUN 1C DEB,DEBRIS,SMALL,4070,COSMOS 292,PAYLOAD,LARGE,806.0,806000.0,0.0001325857,-3.8775,False
1410588922,2026-03-29 12:45:00.000000,2026-03-31T03:18:09.154000,2026-03-31,2026,3,Y,33718,FENGYUN 1C DEB,DEBRIS,SMALL,22292,SL-16 DEB,DEBRIS,SMALL,61.0,61000.0,0.0001048027,-3.9796,False
1412902590,2026-03-30 22:17:21.000000,2026-03-31T03:18:09.161000,2026-03-31,2026,3,Y,33718,FENGYUN 1C DEB,DEBRIS,SMALL,22292,SL-16 DEB,DEBRIS,SMALL,41.0,41000.0,0.000392215,-3.4065,False
1411090578,2026-03-29 22:33:45.000000,2026-03-31T03:18:09.169000,2026-03-31,2026,3,Y,33718,FENGYUN 1C DEB,DEBRIS,SMALL,22292,SL-16 DEB,DEBRIS,SMALL,58.0,58000.0,0.0001510224,-3.821,False
1411764286,2026-03-30 05:40:26.000000,2026-03-31T03:18:09.170000,2026-03-31,2026,3,Y,33718,FENGYUN 1C DEB,DEBRIS,SMALL,22292,SL-16 DEB,DEBRIS,SMALL,51.0,51000.0,0.0001722341,-3.7639,False
1409377614,2026-03-28 12:41:51.000000,2026-03-31T09:21:54.613000,2026-03-31,2026,3,Y,30726,FENGYUN 1C DEB,DEBRIS,SMALL,60889,CZ-6A DEB,DEBRIS,SMALL,69.0,69000.0,0.0001204577,-3.9192,False
1411083997,2026-03-29 22:32:57.000000,2026-03-31T13:36:43.741000,2026-03-31,2026,3,Y,30214,FENGYUN 1C DEB,DEBRIS,SMALL,7817,THOR BURNER 2 R/B,ROCKET BODY,LARGE,581.0,581000.0,0.0001473511,-3.8316,False
1411755904,2026-03-30 05:38:48.000000,2026-03-31T13:36:43.744000,2026-03-31,2026,3,Y,30214,FENGYUN 1C DEB,DEBRIS,SMALL,7817,THOR BURNER 2 R/B,ROCKET BODY,LARGE,596.0,596000.0,0.000136135,-3.866,False
1410368679,2026-03-29 07:26:02.000000,2026-03-31T13:46:16.520000,2026-03-31,2026,3,Y,30331,FENGYUN 1C DEB,DEBRIS,SMALL,29299,METEOR 2-17 DEB,DEBRIS,SMALL,76.0,76000.0,0.0002121307,-3.6734,False
1410583016,2026-03-29 12:44:02.000000,2026-03-31T13:46:16.522000,2026-03-31,2026,3,Y,30331,FENGYUN 1C DEB,DEBRIS,SMALL,29299,METEOR 2-17 DEB,DEBRIS,SMALL,78.0,78000.0,0.0002040586,-3.6902,False
1411756242,2026-03-30 05:38:49.000000,2026-03-31T13:46:16.543000,2026-03-31,2026,3,Y,30331,FENGYUN 1C DEB,DEBRIS,SMALL,29299,METEOR 2-17 DEB,DEBRIS,SMALL,80.0,80000.0,0.0001993699,-3.7003,False
1409855240,2026-03-28 22:44:11.000000,2026-03-31T13:46:16.651000,2026-03-31,2026,3,Y,30331,FENGYUN 1C DEB,DEBRIS,SMALL,29299,METEOR 2-17 DEB,DEBRIS,SMALL,67.0,67000.0,0.0002168007,-3.6639,False
1409854163,2026-03-28 22:44:01.000000,2026-03-31T13:54:17.734000,2026-03-31,2026,3,Y,29896,FENGYUN 1C DEB,DEBRIS,SMALL,6828,COSMOS 586,PAYLOAD,LARGE,178.0,178000.0,0.0001955375,-3.7088,False
1410582018,2026-03-29 12:43:51.000000,2026-03-31T13:54:17.764000,2026-03-31,2026,3,Y,29896,FENGYUN 1C DEB,DEBRIS,SMALL,6828,COSMOS 586,PAYLOAD,LARGE,128.0,128000.0,0.0008355712,-3.078,False
1413625141,2026-03-31 05:56:34.000000,2026-03-31T13:54:17.768000,2026-03-31,2026,3,Y,29896,FENGYUN 1C DEB,DEBRIS,SMALL,6828,COSMOS 586,PAYLOAD,LARGE,181.0,181000.0,0.0006224346,-3.2059,False
1412894225,2026-03-30 22:15:40.000000,2026-03-31T13:54:17.769000,2026-03-31,2026,3,Y,29896,FENGYUN 1C DEB,DEBRIS,SMALL,6828,COSMOS 586,PAYLOAD,LARGE,186.0,186000.0,0.0006083913,-3.2158,False
1411755153,2026-03-30 05:38:34.000000,2026-03-31T13:54:17.773000,2026-03-31,2026,3,Y,29896,FENGYUN 1C DEB,DEBRIS,SMALL,6828,COSMOS 586,PAYLOAD,LARGE,212.0,212000.0,0.000395722,-3.4026,False
1411083233,2026-03-29 22:32:52.000000,2026-03-31T13:54:17.776000,2026-03-31,2026,3,Y,29896,FENGYUN 1C DEB,DEBRIS,SMALL,6828,COSMOS 586,PAYLOAD,LARGE,184.0,184000.0,0.0004691925,-3.3286,False
1410594384,2026-03-29 12:46:07.000000,2026-03-31T14:28:52.308000,2026-03-31,2026,3,Y,36724,FENGYUN 1C DEB,DEBRIS,SMALL,25320,IRIDIUM 71,PAYLOAD,LARGE,172.0,172000.0,0.0001722178,-3.7639,False
1412896879,2026-03-30 22:16:11.000000,2026-03-31T22:32:46.128000,2026-03-31,2026,3,Y,30847,FENGYUN 1C DEB,DEBRIS,SMALL,29841,FENGYUN 1C DEB,DEBRIS,SMALL,269.0,269000.0,0.0001071509,-3.97,True
1414862811,2026-03-31 22:50:39.000000,2026-04-01T00:03:40.521000,2026-04-01,2026,4,Y,37406,FENGYUN 1C DEB,DEBRIS,SMALL,25893,SL-8 R/B,ROCKET BODY,LARGE,150.0,150000.0,0.0009633788,-3.0162,False
1413622763,2026-03-31 05:56:12.000000,2026-04-01T15:07:22.182000,2026-04-01,2026,4,Y,30259,FENGYUN 1C DEB,DEBRIS,SMALL,409,THOR ABLESTAR DEB,DEBRIS,SMALL,421.0,421000.0,0.0001005673,-3.9975,False
1413625268,2026-03-31 05:56:35.000000,2026-04-01T20:07:40.072000,2026-04-01,2026,4,Y,29926,FENGYUN 1C DEB,DEBRIS,SMALL,7715,SL-3 R/B,ROCKET BODY,LARGE,105.0,105000.0,0.001197735,-2.9216,False
1414967412,2026-03-31 22:48:04.000000,2026-04-01T20:07:40.081000,2026-04-01,2026,4,Y,29926,FENGYUN 1C DEB,DEBRIS,SMALL,7715,SL-3 R/B,ROCKET BODY,LARGE,38.0,38000.0,0.002598364,-2.5853,False
1415290535,2026-04-01 05:57:15.000000,2026-04-01T20:07:40.085000,2026-04-01,2026,4,Y,29926,FENGYUN 1C DEB,DEBRIS,SMALL,7715,SL-3 R/B,ROCKET BODY,LARGE,15.0,15000.0,0.002620547,-2.5816,False
1416544281,2026-04-01 19:57:48.000000,2026-04-01T20:07:40.090000,2026-04-01,2026,4,Y,29926,FENGYUN 1C DEB,DEBRIS,SMALL,7715,SL-3 R/B,ROCKET BODY,LARGE,59.0,59000.0,0.004599319,-2.3373,False
1416013237,2026-04-01 12:29:04.000000,2026-04-01T20:07:40.093000,2026-04-01,2026,4,Y,29926,FENGYUN 1C DEB,DEBRIS,SMALL,7715,SL-3 R/B,ROCKET BODY,LARGE,64.0,64000.0,0.003934478,-2.4051,False
1411083296,2026-03-29 22:32:54.000000,2026-04-01T20:07:40.096000,2026-04-01,2026,4,Y,29926,FENGYUN 1C DEB,DEBRIS,SMALL,7715,SL-3 R/B,ROCKET BODY,LARGE,446.0,446000.0,0.000174025,-3.7594,False
1411755219,2026-03-30 05:38:34.000000,2026-04-01T20:07:40.098000,2026-04-01,2026,4,Y,29926,FENGYUN 1C DEB,DEBRIS,SMALL,7715,SL-3 R/B,ROCKET BODY,LARGE,426.0,426000.0,0.0002017483,-3.6952,False
1412894290,2026-03-30 22:15:36.000000,2026-04-01T20:07:40.114000,2026-04-01,2026,4,Y,29926,FENGYUN 1C DEB,DEBRIS,SMALL,7715,SL-3 R/B,ROCKET BODY,LARGE,637.0,637000.0,0.0003729168,-3.4284,False
1412368001,2026-03-30 12:20:00.000000,2026-04-01T20:07:40.130000,2026-04-01,2026,4,Y,29926,FENGYUN 1C DEB,DEBRIS,SMALL,7715,SL-3 R/B,ROCKET BODY,LARGE,773.0,773000.0,0.0003313891,-3.4797,False
1411771954,2026-03-30 05:42:34.000000,2026-04-01T21:22:26.450000,2026-04-01,2026,4,Y,37925,FENGYUN 1C DEB,DEBRIS,SMALL,44889,OBJECT L,UNKNOWN,MEDIUM,808.0,808000.0,0.0001768861,-3.7523,False
1412910389,2026-03-30 22:19:20.000000,2026-04-01T21:22:26.588000,2026-04-01,2026,4,Y,37925,FENGYUN 1C DEB,DEBRIS,SMALL,44889,OBJECT L,UNKNOWN,MEDIUM,914.0,914000.0,0.0002654778,-3.576,False
1413763974,2026-03-31 06:00:32.000000,2026-04-02T02:12:50.490000,2026-04-02,2026,4,Y,31372,FENGYUN 1C DEB,DEBRIS,SMALL,34302,COSMOS 2251 DEB,DEBRIS,SMALL,254.0,254000.0,0.0001440449,-3.8415,False
1412903875,2026-03-30 22:17:38.000000,2026-04-02T02:12:50.543000,2026-04-02,2026,4,Y,31372,FENGYUN 1C DEB,DEBRIS,SMALL,34302,COSMOS 2251 DEB,DEBRIS,SMALL,286.0,286000.0,0.0001607662,-3.7938,False
1414066587,2026-03-31 12:26:23.000000,2026-04-02T02:12:50.666000,2026-04-02,2026,4,Y,31372,FENGYUN 1C DEB,DEBRIS,SMALL,34302,COSMOS 2251 DEB,DEBRIS,SMALL,282.0,282000.0,0.0001010252,-3.9956,False
1414977972,2026-03-31 22:49:53.000000,2026-04-02T02:43:11.017000,2026-04-02,2026,4,Y,35160,FENGYUN 1C DEB,DEBRIS,SMALL,54289,CZ-6A DEB,DEBRIS,SMALL,186.0,186000.0,0.0002598675,-3.5852,False
1411769726,2026-03-30 05:42:10.000000,2026-04-02T04:09:59.439000,2026-04-02,2026,4,Y,30053,FENGYUN 1C DEB,DEBRIS,SMALL,36509,SL-24 R/B,ROCKET BODY,LARGE,64.0,64000.0,0.000859022,-3.066,False
1413768123,2026-03-31 06:01:15.000000,2026-04-02T04:09:59.478000,2026-04-02,2026,4,Y,30053,FENGYUN 1C DEB,DEBRIS,SMALL,36509,SL-24 R/B,ROCKET BODY,LARGE,206.0,206000.0,0.0009083134,-3.0418,False
1414980728,2026-03-31 22:50:21.000000,2026-04-02T04:09:59.492000,2026-04-02,2026,4,Y,30053,FENGYUN 1C DEB,DEBRIS,SMALL,36509,SL-24 R/B,ROCKET BODY,LARGE,250.0,250000.0,0.0004695216,-3.3283,False
1414070679,2026-03-31 12:27:05.000000,2026-04-02T04:09:59.498000,2026-04-02,2026,4,Y,30053,FENGYUN 1C DEB,DEBRIS,SMALL,36509,SL-24 R/B,ROCKET BODY,LARGE,242.0,242000.0,0.0006497084,-3.1873,False
1412380333,2026-03-30 12:21:39.000000,2026-04-02T04:09:59.527000,2026-04-02,2026,4,Y,30053,FENGYUN 1C DEB,DEBRIS,SMALL,36509,SL-24 R/B,ROCKET BODY,LARGE,315.0,315000.0,0.0006313394,-3.1997,False
1412908125,2026-03-30 22:18:45.000000,2026-04-02T04:09:59.530000,2026-04-02,2026,4,Y,30053,FENGYUN 1C DEB,DEBRIS,SMALL,36509,SL-24 R/B,ROCKET BODY,LARGE,334.0,334000.0,0.0006094428,-3.2151,False
1415299795,2026-04-01 05:58:16.000000,2026-04-02T08:38:37.259000,2026-04-02,2026,4,Y,30371,FENGYUN 1C DEB,DEBRIS,SMALL,34497,IRIDIUM 33 DEB,DEBRIS,SMALL,153.0,153000.0,0.0001253904,-3.9017,False
1416553236,2026-04-01 19:59:31.000000,2026-04-02T08:38:37.329000,2026-04-02,2026,4,Y,30371,FENGYUN 1C DEB,DEBRIS,SMALL,34497,IRIDIUM 33 DEB,DEBRIS,SMALL,144.0,144000.0,0.0001961115,-3.7075,False
1416022377,2026-04-01 12:30:46.000000,2026-04-02T08:38:37.357000,2026-04-02,2026,4,Y,30371,FENGYUN 1C DEB,DEBRIS,SMALL,34497,IRIDIUM 33 DEB,DEBRIS,SMALL,147.0,147000.0,0.0001758064,-3.755,False
1413765609,2026-03-31 06:00:50.000000,2026-04-02T08:53:56.145000,2026-04-02,2026,4,Y,35240,FENGYUN 1C DEB,DEBRIS,SMALL,4214,THORAD AGENA D DEB,DEBRIS,SMALL,206.0,206000.0,0.0001246008,-3.9045,False
1414978128,2026-03-31 22:49:55.000000,2026-04-02T08:53:56.147000,2026-04-02,2026,4,Y,35240,FENGYUN 1C DEB,DEBRIS,SMALL,4214,THORAD AGENA D DEB,DEBRIS,SMALL,99.0,99000.0,0.0001090024,-3.9626,False
1415300931,2026-04-01 05:58:24.000000,2026-04-02T08:53:56.157000,2026-04-02,2026,4,Y,35240,FENGYUN 1C DEB,DEBRIS,SMALL,4214,THORAD AGENA D DEB,DEBRIS,SMALL,116.0,116000.0,0.0001033157,-3.9858,False
1414068198,2026-03-31 12:26:40.000000,2026-04-02T08:53:56.189000,2026-04-02,2026,4,Y,35240,FENGYUN 1C DEB,DEBRIS,SMALL,4214,THORAD AGENA D DEB,DEBRIS,SMALL,68.0,68000.0,0.0001640908,-3.7849,False
1415294869,2026-04-01 05:57:43.000000,2026-04-02T09:23:37.866000,2026-04-02,2026,4,Y,31487,FENGYUN 1C DEB,DEBRIS,SMALL,30114,FENGYUN 1C DEB,DEBRIS,SMALL,100.0,100000.0,0.0001368634,-3.8637,True
1417023018,2026-04-02 05:10:55.000000,2026-04-02T09:23:37.877000,2026-04-02,2026,4,Y,31487,FENGYUN 1C DEB,DEBRIS,SMALL,30114,FENGYUN 1C DEB,DEBRIS,SMALL,82.0,82000.0,0.0003358789,-3.4738,True
1416548301,2026-04-01 19:58:33.000000,2026-04-02T09:23:37.884000,2026-04-02,2026,4,Y,31487,FENGYUN 1C DEB,DEBRIS,SMALL,30114,FENGYUN 1C DEB,DEBRIS,SMALL,78.0,78000.0,0.0002727457,-3.5642,True
1416017398,2026-04-01 12:29:52.000000,2026-04-02T09:23:37.898000,2026-04-02,2026,4,Y,31487,FENGYUN 1C DEB,DEBRIS,SMALL,30114,FENGYUN 1C DEB,DEBRIS,SMALL,71.0,71000.0,0.000163107,-3.7875,True
1413709935,2026-03-31 05:57:48.000000,2026-04-02T14:28:33.156000,2026-04-02,2026,4,Y,31456,FENGYUN 1C DEB,DEBRIS,SMALL,25636,SUNSAT,PAYLOAD,MEDIUM,738.0,738000.0,0.0001247316,-3.904,False
1414972928,2026-03-31 22:49:04.000000,2026-04-02T23:12:41.117000,2026-04-02,2026,4,Y,31819,FENGYUN 1C DEB,DEBRIS,SMALL,10121,SL-8 R/B,ROCKET BODY,LARGE,11.0,11000.0,0.0008137976,-3.0895,False
1415295850,2026-04-01 05:57:48.000000,2026-04-02T23:12:41.121000,2026-04-02,2026,4,Y,31819,FENGYUN 1C DEB,DEBRIS,SMALL,10121,SL-8 R/B,ROCKET BODY,LARGE,36.0,36000.0,0.000982562,-3.0076,False
1418316495,2026-04-02 21:20:06.000000,2026-04-02T23:12:41.142000,2026-04-02,2026,4,Y,31819,FENGYUN 1C DEB,DEBRIS,SMALL,10121,SL-8 R/B,ROCKET BODY,LARGE,165.0,165000.0,0.0001917398,-3.7173,False
1417023991,2026-04-02 05:11:11.000000,2026-04-02T23:12:41.156000,2026-04-02,2026,4,Y,31819,FENGYUN 1C DEB,DEBRIS,SMALL,10121,SL-8 R/B,ROCKET BODY,LARGE,190.0,190000.0,0.001396579,-2.8549,False
1416549228,2026-04-01 19:58:44.000000,2026-04-02T23:12:41.168000,2026-04-02,2026,4,Y,31819,FENGYUN 1C DEB,DEBRIS,SMALL,10121,SL-8 R/B,ROCKET BODY,LARGE,256.0,256000.0,0.001123042,-2.9496,False
1416018390,2026-04-01 12:30:05.000000,2026-04-02T23:12:41.190000,2026-04-02,2026,4,Y,31819,FENGYUN 1C DEB,DEBRIS,SMALL,10121,SL-8 R/B,ROCKET BODY,LARGE,397.0,397000.0,0.0007531067,-3.1231,False
1414967814,2026-03-31 22:48:10.000000,2026-04-03T01:34:14.033000,2026-04-03,2026,4,Y,30077,FENGYUN 1C DEB,DEBRIS,SMALL,3561,COSMOS 252 DEB,DEBRIS,MEDIUM,116.0,116000.0,0.0001116677,-3.9521,False
1414968287,2026-03-31 22:48:15.000000,2026-04-03T21:12:46.561000,2026-04-03,2026,4,Y,30251,FENGYUN 1C DEB,DEBRIS,SMALL,26550,DNEPR 1 R/B,ROCKET BODY,LARGE,303.0,303000.0,0.0001033301,-3.9858,False
1415291332,2026-04-01 05:57:19.000000,2026-04-03T21:12:46.601000,2026-04-03,2026,4,Y,30251,FENGYUN 1C DEB,DEBRIS,SMALL,26550,DNEPR 1 R/B,ROCKET BODY,LARGE,422.0,422000.0,0.0001323577,-3.8783,False
1419126292,2026-04-03 04:54:20.000000,2026-04-04T00:52:04.801000,2026-04-04,2026,4,Y,32141,FENGYUN 1C DEB,DEBRIS,SMALL,61425,CZ-6A DEB,DEBRIS,SMALL,95.0,95000.0,0.0002796191,-3.5534,False
1417845897,2026-04-02 13:27:51.000000,2026-04-04T00:52:04.842000,2026-04-04,2026,4,Y,32141,FENGYUN 1C DEB,DEBRIS,SMALL,61425,CZ-6A DEB,DEBRIS,SMALL,79.0,79000.0,0.000310056,-3.5086,False
1418317162,2026-04-02 21:20:15.000000,2026-04-04T00:52:04.865000,2026-04-04,2026,4,Y,32141,FENGYUN 1C DEB,DEBRIS,SMALL,61425,CZ-6A DEB,DEBRIS,SMALL,72.0,72000.0,0.000330055,-3.4814,False
1417156683,2026-04-02 05:36:09.000000,2026-04-04T00:52:04.898000,2026-04-04,2026,4,Y,32141,FENGYUN 1C DEB,DEBRIS,SMALL,61425,CZ-6A DEB,DEBRIS,SMALL,63.0,63000.0,0.0003370512,-3.4723,False
1416669377,2026-04-01 20:22:19.000000,2026-04-04T00:52:04.921000,2026-04-04,2026,4,Y,32141,FENGYUN 1C DEB,DEBRIS,SMALL,61425,CZ-6A DEB,DEBRIS,SMALL,63.0,63000.0,0.000355832,-3.4488,False
1416073720,2026-04-01 12:42:42.000000,2026-04-04T00:52:04.958000,2026-04-04,2026,4,Y,32141,FENGYUN 1C DEB,DEBRIS,SMALL,61425,CZ-6A DEB,DEBRIS,SMALL,52.0,52000.0,0.0003473915,-3.4592,False
1418966394,2026-04-03 04:41:11.000000,2026-04-04T01:04:46.752000,2026-04-04,2026,4,Y,36231,FENGYUN 1C DEB,DEBRIS,SMALL,24602,PEGASUS DEB,DEBRIS,SMALL,103.0,103000.0,0.0001186942,-3.9256,False
1418957336,2026-04-03 04:39:34.000000,2026-04-04T14:12:00.374000,2026-04-04,2026,4,Y,31223,FENGYUN 1C DEB,DEBRIS,SMALL,18822,DMSP 5D-2 F9 (USA 29),PAYLOAD,LARGE,475.0,475000.0,0.0001939733,-3.7123,False
1418356678,2026-04-02 21:27:18.000000,2026-04-04T16:33:51.402000,2026-04-04,2026,4,Y,47025,FENGYUN 1C DEB *,DEBRIS,SMALL,21610,ARIANE 40 R/B,ROCKET BODY,LARGE,728.0,728000.0,0.0001696685,-3.7704,False
1420836597,2026-04-04 05:09:40.000000,2026-04-04T19:57:13.105000,2026-04-04,2026,4,Y,31622,FENGYUN 1C DEB,DEBRIS,SMALL,4588,COSMOS 372,PAYLOAD,LARGE,346.0,346000.0,0.0004976561,-3.3031,False
1419446145,2026-04-03 12:24:37.000000,2026-04-04T19:57:13.173000,2026-04-04,2026,4,Y,31622,FENGYUN 1C DEB,DEBRIS,SMALL,4588,COSMOS 372,PAYLOAD,LARGE,559.0,559000.0,0.0004627896,-3.3346,False
1418958489,2026-04-03 04:39:50.000000,2026-04-04T19:57:13.198000,2026-04-04,2026,4,Y,31622,FENGYUN 1C DEB,DEBRIS,SMALL,4588,COSMOS 372,PAYLOAD,LARGE,622.0,622000.0,0.0002247739,-3.6483,False
1418954735,2026-04-03 04:39:07.000000,2026-04-04T22:44:16.706000,2026-04-04,2026,4,Y,30270,FENGYUN 1C DEB,DEBRIS,SMALL,12703,COSMOS 1275 DEB,DEBRIS,SMALL,174.0,174000.0,0.0002736982,-3.5627,False
1419441740,2026-04-03 12:24:09.000000,2026-04-04T22:44:16.727000,2026-04-04,2026,4,Y,30270,FENGYUN 1C DEB,DEBRIS,SMALL,12703,COSMOS 1275 DEB,DEBRIS,SMALL,89.0,89000.0,0.0004601622,-3.3371,False
1417774849,2026-04-02 13:02:44.000000,2026-04-04T22:44:16.800000,2026-04-04,2026,4,Y,30270,FENGYUN 1C DEB,DEBRIS,SMALL,12703,COSMOS 1275 DEB,DEBRIS,SMALL,119.0,119000.0,0.0002685284,-3.571,False
1417814862,2026-04-02 13:08:54.000000,2026-04-05T00:47:00.730000,2026-04-05,2026,4,Y,31888,FENGYUN 1C DEB,DEBRIS,SMALL,45507,METEOR 2-5 DEB,DEBRIS,SMALL,136.0,136000.0,0.0001621735,-3.79,False
1417053056,2026-04-02 05:20:19.000000,2026-04-05T00:47:01.908000,2026-04-05,2026,4,Y,31888,FENGYUN 1C DEB,DEBRIS,SMALL,45507,METEOR 2-5 DEB,DEBRIS,SMALL,90.0,90000.0,0.0002730098,-3.5638,False
1421421909,2026-04-04 12:22:23.000000,2026-04-05T04:10:39.564000,2026-04-05,2026,4,Y,35220,FENGYUN 1C DEB,DEBRIS,SMALL,270387,UNKNOWN,UNKNOWN,SMALL,45.0,45000.0,0.0004302911,-3.3662,False
1419451781,2026-04-03 12:25:25.000000,2026-04-05T04:10:39.676000,2026-04-05,2026,4,Y,35220,FENGYUN 1C DEB,DEBRIS,SMALL,270387,UNKNOWN,UNKNOWN,SMALL,256.0,256000.0,0.0001636891,-3.786,False
1418964301,2026-04-03 04:40:51.000000,2026-04-05T04:10:39.698000,2026-04-05,2026,4,Y,35220,FENGYUN 1C DEB,DEBRIS,SMALL,270387,UNKNOWN,UNKNOWN,SMALL,286.0,286000.0,0.0001473476,-3.8317,False
1418321930,2026-04-02 21:21:31.000000,2026-04-05T04:10:40.821000,2026-04-05,2026,4,Y,35220,FENGYUN 1C DEB,DEBRIS,SMALL,270387,UNKNOWN,UNKNOWN,SMALL,330.0,330000.0,0.0001188083,-3.9252,False
1420995045,2026-04-04 05:28:49.000000,2026-04-05T05:49:45.087000,2026-04-05,2026,4,Y,30369,FENGYUN 1C DEB,DEBRIS,SMALL,59999,METEOR 2-20 DEB,DEBRIS,SMALL,57.0,57000.0,0.000358995,-3.4449,False
1421518311,2026-04-04 12:32:14.000000,2026-04-05T05:49:45.105000,2026-04-05,2026,4,Y,30369,FENGYUN 1C DEB,DEBRIS,SMALL,59999,METEOR 2-20 DEB,DEBRIS,SMALL,20.0,20000.0,0.0005569845,-3.2542,False
1421421507,2026-04-04 12:22:19.000000,2026-04-05T05:55:44.531000,2026-04-05,2026,4,Y,31199,FENGYUN 1C DEB,DEBRIS,SMALL,35018,COSMOS 2251 DEB,DEBRIS,SMALL,70.0,70000.0,0.0001177036,-3.9292,False
1421415344,2026-04-04 12:21:30.000000,2026-04-05T06:14:07.050000,2026-04-05,2026,4,Y,31440,FENGYUN 1C DEB,DEBRIS,SMALL,11574,SL-8 R/B,ROCKET BODY,LARGE,141.0,141000.0,0.0002019947,-3.6947,False
1417728343,2026-04-02 13:01:37.000000,2026-04-05T09:15:07.773000,2026-04-05,2026,4,Y,37477,FENGYUN 1C DEB,DEBRIS,SMALL,22739,NOAA 13,PAYLOAD,LARGE,17.0,17000.0,0.0003202597,-3.4945,False
1421412960,2026-04-04 12:21:18.000000,2026-04-05T14:41:02.538000,2026-04-05,2026,4,Y,30964,FENGYUN 1C DEB,DEBRIS,,27733,COSMOS 1275 DEB,DEBRIS,SMALL,108.0,108000.0,0.0001123167,-3.9496,False
1422600822,2026-04-05 12:24:13.000000,2026-04-05T14:41:02.698000,2026-04-05,2026,4,Y,30964,FENGYUN 1C DEB,DEBRIS,,27733,COSMOS 1275 DEB,DEBRIS,SMALL,107.0,107000.0,0.0001247865,-3.9038,False
1418459628,2026-04-02 21:19:19.000000,2026-04-05T14:41:03.650000,2026-04-05,2026,4,Y,30964,FENGYUN 1C DEB,DEBRIS,,27733,COSMOS 1275 DEB,DEBRIS,SMALL,118.0,118000.0,0.0001013797,-3.994,False
1422598156,2026-04-05 12:23:51.000000,2026-04-05T16:15:01.543000,2026-04-05,2026,4,Y,29892,FENGYUN 1C DEB,DEBRIS,SMALL,12759,COSMOS 1275 DEB,DEBRIS,SMALL,74.0,74000.0,0.0001666,-3.7783,False
1420819543,2026-04-04 05:08:55.000000,2026-04-05T17:56:41.466000,2026-04-05,2026,4,Y,30325,FENGYUN 1C DEB,DEBRIS,SMALL,81167,UNKNOWN,UNKNOWN,SMALL,379.0,379000.0,0.0001608889,-3.7935,False
1421411244,2026-04-04 12:21:04.000000,2026-04-05T17:56:41.468000,2026-04-05,2026,4,Y,30325,FENGYUN 1C DEB,DEBRIS,SMALL,81167,UNKNOWN,UNKNOWN,SMALL,354.0,354000.0,0.0001620436,-3.7904,False
1419441893,2026-04-03 12:24:11.000000,2026-04-05T17:56:41.472000,2026-04-05,2026,4,Y,30325,FENGYUN 1C DEB,DEBRIS,SMALL,81167,UNKNOWN,UNKNOWN,SMALL,431.0,431000.0,0.0001241178,-3.9062,False
1418954912,2026-04-03 04:39:08.000000,2026-04-05T17:56:41.481000,2026-04-05,2026,4,Y,30325,FENGYUN 1C DEB,DEBRIS,SMALL,81167,UNKNOWN,UNKNOWN,SMALL,535.0,535000.0,0.0001004375,-3.9981,False
1420845873,2026-04-04 05:16:38.000000,2026-04-05T18:38:28.636000,2026-04-05,2026,4,Y,29760,FENGYUN 1C DEB,DEBRIS,SMALL,45511,METEOR 2-5 DEB,DEBRIS,SMALL,91.0,91000.0,0.0001645057,-3.7838,False
1419464101,2026-04-03 12:28:20.000000,2026-04-05T18:38:28.655000,2026-04-05,2026,4,Y,29760,FENGYUN 1C DEB,DEBRIS,SMALL,45511,METEOR 2-5 DEB,DEBRIS,SMALL,90.0,90000.0,0.0001709822,-3.767,False
1419047751,2026-04-03 04:44:56.000000,2026-04-05T18:38:28.684000,2026-04-05,2026,4,Y,29760,FENGYUN 1C DEB,DEBRIS,SMALL,45511,METEOR 2-5 DEB,DEBRIS,SMALL,86.0,86000.0,0.0002128274,-3.672,False
1421474872,2026-04-04 12:25:31.000000,2026-04-05T18:38:28.697000,2026-04-05,2026,4,Y,29760,FENGYUN 1C DEB,DEBRIS,SMALL,45511,METEOR 2-5 DEB,DEBRIS,SMALL,89.0,89000.0,0.0001939971,-3.7122,False
1422696221,2026-04-05 12:29:52.000000,2026-04-05T18:38:28.845000,2026-04-05,2026,4,Y,29760,FENGYUN 1C DEB,DEBRIS,SMALL,45511,METEOR 2-5 DEB,DEBRIS,SMALL,91.0,91000.0,0.0002372982,-3.6247,False
1422671514,2026-04-05 12:27:42.000000,2026-04-05T19:51:46.530000,2026-04-05,2026,4,Y,31819,FENGYUN 1C DEB,DEBRIS,SMALL,41057,NOAA 16 DEB,DEBRIS,SMALL,78.0,78000.0,0.001294767,-2.8878,False
1422600872,2026-04-05 12:24:14.000000,2026-04-06T01:38:47.744000,2026-04-06,2026,4,Y,30984,FENGYUN 1C DEB,DEBRIS,SMALL,28292,SL-18 DEB,DEBRIS,,33.0,33000.0,0.0001041681,-3.9823,False
1422662894,2026-04-05 12:26:07.000000,2026-04-06T13:41:28.117000,2026-04-06,2026,4,Y,36710,FENGYUN 1C DEB,DEBRIS,,87239,UNKNOWN,UNKNOWN,SMALL,202.0,202000.0,0.0001539919,-3.8125,False
1420983054,2026-04-04 05:25:43.000000,2026-04-07T00:57:37.599000,2026-04-07,2026,4,Y,30860,FENGYUN 1C DEB,DEBRIS,SMALL,57542,METEOR 1-17 DEB,DEBRIS,SMALL,90.0,90000.0,0.000117228,-3.931,False
1421502696,2026-04-04 12:30:15.000000,2026-04-07T00:57:37.888000,2026-04-07,2026,4,Y,30860,FENGYUN 1C DEB,DEBRIS,SMALL,57542,METEOR 1-17 DEB,DEBRIS,SMALL,89.0,89000.0,0.000122433,-3.9121,False
1422694452,2026-04-05 12:34:04.000000,2026-04-07T00:57:38.505000,2026-04-07,2026,4,Y,30860,FENGYUN 1C DEB,DEBRIS,SMALL,57542,METEOR 1-17 DEB,DEBRIS,SMALL,57.0,57000.0,0.0003234474,-3.4902,False
1424988178,2026-04-06 23:25:52.000000,2026-04-07T00:57:38.568000,2026-04-07,2026,4,Y,30860,FENGYUN 1C DEB,DEBRIS,SMALL,57542,METEOR 1-17 DEB,DEBRIS,SMALL,89.0,89000.0,0.0001435398,-3.843,False
1422600239,2026-04-05 12:24:08.000000,2026-04-07T12:58:30.775000,2026-04-07,2026,4,Y,30728,FENGYUN 1C DEB,DEBRIS,SMALL,30143,FENGYUN 1C DEB,DEBRIS,SMALL,51.0,51000.0,0.0001181306,-3.9276,True
1422598152,2026-04-05 12:23:49.000000,2026-04-07T19:30:07.225000,2026-04-07,2026,4,Y,29891,FENGYUN 1C DEB,DEBRIS,SMALL,2834,GGSE 5,PAYLOAD,MEDIUM,27.0,27000.0,0.01057011,-1.9759,False
1424932640,2026-04-06 23:15:56.000000,2026-04-07T19:30:07.258000,2026-04-07,2026,4,Y,29891,FENGYUN 1C DEB,DEBRIS,SMALL,2834,GGSE 5,PAYLOAD,MEDIUM,64.0,64000.0,0.0006308784,-3.2001,False
1422603096,2026-04-05 12:24:25.000000,2026-04-07T23:33:54.500000,2026-04-07,2026,4,Y,31383,FENGYUN 1C DEB,DEBRIS,SMALL,17242,SL-14 R/B,ROCKET BODY,LARGE,77.0,77000.0,0.001474156,-2.8315,False
1425696485,2026-04-07 13:00:34.000000,2026-04-07T23:33:54.513000,2026-04-07,2026,4,Y,31383,FENGYUN 1C DEB,DEBRIS,SMALL,17242,SL-14 R/B,ROCKET BODY,LARGE,56.0,56000.0,0.000535288,-3.2714,False
1424936900,2026-04-06 23:16:37.000000,2026-04-07T23:33:54.514000,2026-04-07,2026,4,Y,31383,FENGYUN 1C DEB,DEBRIS,SMALL,17242,SL-14 R/B,ROCKET BODY,LARGE,52.0,52000.0,0.001171923,-2.9311,False
1426305830,2026-04-07 21:44:09.000000,2026-04-07T23:33:54.520000,2026-04-07,2026,4,Y,31383,FENGYUN 1C DEB,DEBRIS,SMALL,17242,SL-14 R/B,ROCKET BODY,LARGE,53.0,53000.0,0.000569907,-3.2442,False
1422604354,2026-04-05 12:24:39.000000,2026-04-08T04:07:03.784000,2026-04-08,2026,4,Y,31813,FENGYUN 1C DEB,DEBRIS,SMALL,270172,UNKNOWN,UNKNOWN,SMALL,840.0,840000.0,0.0003154011,-3.5011,False
1424938346,2026-04-06 23:16:54.000000,2026-04-08T15:48:57.453000,2026-04-08,2026,4,Y,31861,FENGYUN 1C DEB,DEBRIS,SMALL,270021,UNKNOWN,UNKNOWN,SMALL,29.0,29000.0,0.0007794914,-3.1082,False
1425697882,2026-04-07 13:00:53.000000,2026-04-08T15:48:57.477000,2026-04-08,2026,4,Y,31861,FENGYUN 1C DEB,DEBRIS,SMALL,270021,UNKNOWN,UNKNOWN,SMALL,46.0,46000.0,0.0009790702,-3.0092,False
1427407363,2026-04-08 12:24:53.000000,2026-04-08T15:48:57.516000,2026-04-08,2026,4,Y,31861,FENGYUN 1C DEB,DEBRIS,SMALL,270021,UNKNOWN,UNKNOWN,SMALL,73.0,73000.0,0.001335891,-2.8742,False
1426307224,2026-04-07 21:44:23.000000,2026-04-08T15:48:57.518000,2026-04-08,2026,4,Y,31861,FENGYUN 1C DEB,DEBRIS,SMALL,270021,UNKNOWN,UNKNOWN,SMALL,74.0,74000.0,0.001221962,-2.9129,False
1426801967,2026-04-08 04:16:50.000000,2026-04-08T15:48:57.521000,2026-04-08,2026,4,Y,31861,FENGYUN 1C DEB,DEBRIS,SMALL,270021,UNKNOWN,UNKNOWN,SMALL,86.0,86000.0,0.001296292,-2.8873,False
1424939031,2026-04-06 23:17:00.000000,2026-04-09T01:45:14.834000,2026-04-09,2026,4,Y,32155,FENGYUN 1C DEB,DEBRIS,,22676,SL-8 R/B,ROCKET BODY,LARGE,272.0,272000.0,0.0002567765,-3.5904,False
1425698521,2026-04-07 13:00:54.000000,2026-04-09T01:45:14.838000,2026-04-09,2026,4,Y,32155,FENGYUN 1C DEB,DEBRIS,,22676,SL-8 R/B,ROCKET BODY,LARGE,344.0,344000.0,0.0003059998,-3.5143,False
1426305079,2026-04-07 21:44:00.000000,2026-04-09T01:57:32.726000,2026-04-09,2026,4,Y,31169,FENGYUN 1C DEB,DEBRIS,SMALL,23815,PEGASUS R/B,ROCKET BODY,LARGE,514.0,514000.0,0.0001032195,-3.9862,False
1426898600,2026-04-08 04:38:15.000000,2026-04-09T02:36:48.705000,2026-04-09,2026,4,Y,30199,FENGYUN 1C DEB,DEBRIS,SMALL,64654,CZ-6A DEB,DEBRIS,SMALL,68.0,68000.0,0.0001137726,-3.944,False
1424939294,2026-04-06 23:17:03.000000,2026-04-09T05:17:51.264000,2026-04-09,2026,4,Y,32332,FENGYUN 1C DEB,DEBRIS,SMALL,9653,COSMOS 886 DEB,DEBRIS,SMALL,247.0,247000.0,0.0001889809,-3.7236,False
1425692618,2026-04-07 12:59:52.000000,2026-04-09T06:28:50.203000,2026-04-09,2026,4,Y,29977,FENGYUN 1C DEB,DEBRIS,SMALL,11378,COSMOS 1104,PAYLOAD,LARGE,359.0,359000.0,0.0005276182,-3.2777,False
1424932826,2026-04-06 23:15:58.000000,2026-04-09T06:28:50.209000,2026-04-09,2026,4,Y,29977,FENGYUN 1C DEB,DEBRIS,SMALL,11378,COSMOS 1104,PAYLOAD,LARGE,326.0,326000.0,0.001007604,-2.9967,False
1426301900,2026-04-07 21:43:27.000000,2026-04-09T06:28:50.241000,2026-04-09,2026,4,Y,29977,FENGYUN 1C DEB,DEBRIS,SMALL,11378,COSMOS 1104,PAYLOAD,LARGE,237.0,237000.0,0.0008360537,-3.0778,False
1426746802,2026-04-08 04:15:43.000000,2026-04-09T06:28:50.245000,2026-04-09,2026,4,Y,29977,FENGYUN 1C DEB,DEBRIS,SMALL,11378,COSMOS 1104,PAYLOAD,LARGE,214.0,214000.0,0.0002149184,-3.6677,False
1427438143,2026-04-08 12:30:37.000000,2026-04-09T16:10:38.590000,2026-04-09,2026,4,Y,46449,FENGYUN 1C DEB,DEBRIS,SMALL,27437,SL-8 R/B,ROCKET BODY,LARGE,732.0,732000.0,0.0001191928,-3.9237,False
1426356714,2026-04-07 21:49:31.000000,2026-04-09T16:10:38.593000,2026-04-09,2026,4,Y,46449,FENGYUN 1C DEB,DEBRIS,SMALL,27437,SL-8 R/B,ROCKET BODY,LARGE,741.0,741000.0,0.0001007351,-3.9968,False
1429190548,2026-04-09 12:19:53.000000,2026-04-09T16:10:38.596000,2026-04-09,2026,4,Y,46449,FENGYUN 1C DEB,DEBRIS,SMALL,27437,SL-8 R/B,ROCKET BODY,LARGE,758.0,758000.0,0.0001200051,-3.9208,False
1426759795,2026-04-08 04:22:32.000000,2026-04-09T16:10:38.599000,2026-04-09,2026,4,Y,46449,FENGYUN 1C DEB,DEBRIS,SMALL,27437,SL-8 R/B,ROCKET BODY,LARGE,816.0,816000.0,0.0001064071,-3.973,False
1428009220,2026-04-08 22:00:35.000000,2026-04-09T16:10:38.600000,2026-04-09,2026,4,Y,46449,FENGYUN 1C DEB,DEBRIS,SMALL,27437,SL-8 R/B,ROCKET BODY,LARGE,794.0,794000.0,0.0001138589,-3.9436,False
1424939382,2026-04-06 23:17:00.000000,2026-04-09T18:54:43.892000,2026-04-09,2026,4,Y,32419,FENGYUN 1C DEB,DEBRIS,SMALL,12746,COSMOS 1275 DEB,DEBRIS,SMALL,64.0,64000.0,0.0002522665,-3.5981,False
1425698883,2026-04-07 13:00:58.000000,2026-04-09T18:54:44.077000,2026-04-09,2026,4,Y,32419,FENGYUN 1C DEB,DEBRIS,SMALL,12746,COSMOS 1275 DEB,DEBRIS,SMALL,74.0,74000.0,0.0001275155,-3.8944,False
1427408263,2026-04-08 12:25:05.000000,2026-04-09T18:54:44.355000,2026-04-09,2026,4,Y,32419,FENGYUN 1C DEB,DEBRIS,SMALL,12746,COSMOS 1275 DEB,DEBRIS,SMALL,29.0,29000.0,0.0004556822,-3.3413,False
1426308195,2026-04-07 21:44:33.000000,2026-04-09T18:54:44.388000,2026-04-09,2026,4,Y,32419,FENGYUN 1C DEB,DEBRIS,SMALL,12746,COSMOS 1275 DEB,DEBRIS,SMALL,65.0,65000.0,0.0001830963,-3.7373,False
1428709152,2026-04-09 04:40:18.000000,2026-04-09T18:54:44.431000,2026-04-09,2026,4,Y,32419,FENGYUN 1C DEB,DEBRIS,SMALL,12746,COSMOS 1275 DEB,DEBRIS,SMALL,36.0,36000.0,0.0004442023,-3.3524,False
1429198748,2026-04-09 12:21:17.000000,2026-04-09T18:54:44.432000,2026-04-09,2026,4,Y,32419,FENGYUN 1C DEB,DEBRIS,SMALL,12746,COSMOS 1275 DEB,DEBRIS,SMALL,29.0,29000.0,0.0004302287,-3.3663,False
1426802895,2026-04-08 04:17:00.000000,2026-04-09T18:54:44.438000,2026-04-09,2026,4,Y,32419,FENGYUN 1C DEB,DEBRIS,SMALL,12746,COSMOS 1275 DEB,DEBRIS,SMALL,67.0,67000.0,0.0001833966,-3.7366,False
1428018111,2026-04-08 22:02:07.000000,2026-04-09T18:54:44.451000,2026-04-09,2026,4,Y,32419,FENGYUN 1C DEB,DEBRIS,SMALL,12746,COSMOS 1275 DEB,DEBRIS,SMALL,19.0,19000.0,0.0004872382,-3.3123,False
1429198586,2026-04-09 12:21:15.000000,2026-04-10T05:14:59.017000,2026-04-10,2026,4,Y,32218,FENGYUN 1C DEB,DEBRIS,SMALL,81499,UNKNOWN,UNKNOWN,SMALL,269.0,269000.0,0.0004541384,-3.3428,False
1430021158,2026-04-09 21:36:43.000000,2026-04-10T05:14:59.022000,2026-04-10,2026,4,Y,32218,FENGYUN 1C DEB,DEBRIS,SMALL,81499,UNKNOWN,UNKNOWN,SMALL,263.0,263000.0,0.0004972932,-3.3034,False
1430511492,2026-04-10 04:28:06.000000,2026-04-10T05:14:59.036000,2026-04-10,2026,4,Y,32218,FENGYUN 1C DEB,DEBRIS,SMALL,81499,UNKNOWN,UNKNOWN,SMALL,109.0,109000.0,0.00109015,-2.9625,False
1428708982,2026-04-09 04:40:14.000000,2026-04-10T05:14:59.058000,2026-04-10,2026,4,Y,32218,FENGYUN 1C DEB,DEBRIS,SMALL,81499,UNKNOWN,UNKNOWN,SMALL,257.0,257000.0,0.0002863959,-3.543,False
1428017934,2026-04-08 22:02:05.000000,2026-04-10T05:14:59.136000,2026-04-10,2026,4,Y,32218,FENGYUN 1C DEB,DEBRIS,SMALL,81499,UNKNOWN,UNKNOWN,SMALL,967.0,967000.0,0.0001001388,-3.9994,False
1425695955,2026-04-07 13:00:29.000000,2026-04-10T05:18:32.613000,2026-04-10,2026,4,Y,31237,FENGYUN 1C DEB,DEBRIS,SMALL,7412,THOR BURNER 2A R/B,ROCKET BODY,LARGE,425.0,425000.0,0.0001062837,-3.9735,False
1426305343,2026-04-07 21:44:02.000000,2026-04-10T05:18:32.695000,2026-04-10,2026,4,Y,31237,FENGYUN 1C DEB,DEBRIS,SMALL,7412,THOR BURNER 2A R/B,ROCKET BODY,LARGE,221.0,221000.0,0.0002623935,-3.581,False
1427343383,2026-04-08 12:21:23.000000,2026-04-10T05:18:32.711000,2026-04-10,2026,4,Y,31237,FENGYUN 1C DEB,DEBRIS,SMALL,7412,THOR BURNER 2A R/B,ROCKET BODY,LARGE,193.0,193000.0,0.0001341985,-3.8723,False
1426750123,2026-04-08 04:16:25.000000,2026-04-10T05:18:32.731000,2026-04-10,2026,4,Y,31237,FENGYUN 1C DEB,DEBRIS,SMALL,7412,THOR BURNER 2A R/B,ROCKET BODY,LARGE,142.0,142000.0,0.0002004304,-3.698,False
1428706417,2026-04-09 04:39:40.000000,2026-04-10T05:18:32.733000,2026-04-10,2026,4,Y,31237,FENGYUN 1C DEB,DEBRIS,SMALL,7412,THOR BURNER 2A R/B,ROCKET BODY,LARGE,148.0,148000.0,0.0001300466,-3.8859,False
1428015322,2026-04-08 22:01:41.000000,2026-04-10T05:18:32.738000,2026-04-10,2026,4,Y,31237,FENGYUN 1C DEB,DEBRIS,SMALL,7412,THOR BURNER 2A R/B,ROCKET BODY,LARGE,145.0,145000.0,0.0001742716,-3.7588,False
1425748353,2026-04-07 13:13:24.000000,2026-04-10T12:01:27.347000,2026-04-10,2026,4,Y,31984,FENGYUN 1C DEB,DEBRIS,SMALL,60698,CZ-6A DEB,DEBRIS,SMALL,195.0,195000.0,0.0002044691,-3.6894,False
1426414109,2026-04-07 21:58:56.000000,2026-04-10T12:01:27.459000,2026-04-10,2026,4,Y,31984,FENGYUN 1C DEB,DEBRIS,SMALL,60698,CZ-6A DEB,DEBRIS,SMALL,118.0,118000.0,0.000481745,-3.3172,False
1426802323,2026-04-08 04:16:53.000000,2026-04-10T12:01:27.483000,2026-04-10,2026,4,Y,31984,FENGYUN 1C DEB,DEBRIS,SMALL,60698,CZ-6A DEB,DEBRIS,SMALL,117.0,117000.0,0.0004960233,-3.3045,False
1429196196,2026-04-09 12:20:52.000000,2026-04-11T09:41:10.987000,2026-04-11,2026,4,Y,31236,FENGYUN 1C DEB,DEBRIS,SMALL,14401,COSMOS 1503,PAYLOAD,LARGE,141.0,141000.0,0.004291513,-2.3674,False
1430018744,2026-04-09 21:36:19.000000,2026-04-11T09:41:10.992000,2026-04-11,2026,4,Y,31236,FENGYUN 1C DEB,DEBRIS,SMALL,14401,COSMOS 1503,PAYLOAD,LARGE,143.0,143000.0,0.004403001,-2.3563,False
1430509166,2026-04-10 04:27:43.000000,2026-04-11T09:41:11.015000,2026-04-11,2026,4,Y,31236,FENGYUN 1C DEB,DEBRIS,SMALL,14401,COSMOS 1503,PAYLOAD,LARGE,120.0,120000.0,0.00558139,-2.2533,False
1431738495,2026-04-11 04:45:09.000000,2026-04-11T09:41:11.016000,2026-04-11,2026,4,Y,31236,FENGYUN 1C DEB,DEBRIS,SMALL,14401,COSMOS 1503,PAYLOAD,LARGE,125.0,125000.0,0.001616695,-2.7914,False
1431127427,2026-04-10 21:13:27.000000,2026-04-11T09:41:11.025000,2026-04-11,2026,4,Y,31236,FENGYUN 1C DEB,DEBRIS,SMALL,14401,COSMOS 1503,PAYLOAD,LARGE,112.0,112000.0,0.004178675,-2.379,False
1428015318,2026-04-08 22:01:44.000000,2026-04-11T09:41:11.076000,2026-04-11,2026,4,Y,31236,FENGYUN 1C DEB,DEBRIS,SMALL,14401,COSMOS 1503,PAYLOAD,LARGE,46.0,46000.0,0.001281628,-2.8922,False
1428706414,2026-04-09 04:39:40.000000,2026-04-11T09:41:11.145000,2026-04-11,2026,4,Y,31236,FENGYUN 1C DEB,DEBRIS,SMALL,14401,COSMOS 1503,PAYLOAD,LARGE,53.0,53000.0,0.0013738,-2.8621,False
1431742762,2026-04-11 04:46:03.000000,2026-04-11T21:39:11.522000,2026-04-11,2026,4,Y,31509,FENGYUN 1C DEB,DEBRIS,SMALL,33886,IRIDIUM 33 DEB,DEBRIS,MEDIUM,58.0,58000.0,0.0005114732,-3.2912,False
1429192673,2026-04-09 12:20:17.000000,2026-04-12T02:09:44.305000,2026-04-12,2026,4,Y,29780,FENGYUN 1C DEB,DEBRIS,SMALL,61406,CZ-6A DEB,DEBRIS,MEDIUM,123.0,123000.0,0.0001091511,-3.962,False
1430505711,2026-04-10 04:27:13.000000,2026-04-12T02:09:44.350000,2026-04-12,2026,4,Y,29780,FENGYUN 1C DEB,DEBRIS,SMALL,61406,CZ-6A DEB,DEBRIS,MEDIUM,60.0,60000.0,0.0001041428,-3.9824,False
1431778806,2026-04-11 05:08:15.000000,2026-04-12T02:09:44.373000,2026-04-12,2026,4,Y,29780,FENGYUN 1C DEB,DEBRIS,SMALL,61406,CZ-6A DEB,DEBRIS,MEDIUM,164.0,164000.0,0.0002955962,-3.5293,False
1431082516,2026-04-10 21:33:44.000000,2026-04-12T02:09:44.380000,2026-04-12,2026,4,Y,29780,FENGYUN 1C DEB,DEBRIS,SMALL,61406,CZ-6A DEB,DEBRIS,MEDIUM,100.0,100000.0,0.0003148458,-3.5019,False
1432715036,2026-04-11 20:55:58.000000,2026-04-12T02:09:44.420000,2026-04-12,2026,4,Y,29780,FENGYUN 1C DEB,DEBRIS,SMALL,61406,CZ-6A DEB,DEBRIS,MEDIUM,69.0,69000.0,0.000542769,-3.2654,False
1432263059,2026-04-11 12:16:54.000000,2026-04-12T02:09:44.433000,2026-04-12,2026,4,Y,29780,FENGYUN 1C DEB,DEBRIS,SMALL,61406,CZ-6A DEB,DEBRIS,MEDIUM,23.0,23000.0,0.0004422915,-3.3543,False
1432644957,2026-04-11 20:45:58.000000,2026-04-12T13:39:43.757000,2026-04-12,2026,4,Y,38819,FENGYUN 1C DEB,DEBRIS,SMALL,125,THOR ABLESTAR DEB,DEBRIS,SMALL,69.0,69000.0,0.0001356034,-3.8677,False
1433114966,2026-04-12 04:26:43.000000,2026-04-12T13:39:43.762000,2026-04-12,2026,4,Y,38819,FENGYUN 1C DEB,DEBRIS,SMALL,125,THOR ABLESTAR DEB,DEBRIS,SMALL,51.0,51000.0,0.0001651172,-3.7822,False
1432181728,2026-04-11 12:04:27.000000,2026-04-12T13:39:43.764000,2026-04-12,2026,4,Y,38819,FENGYUN 1C DEB,DEBRIS,SMALL,125,THOR ABLESTAR DEB,DEBRIS,SMALL,49.0,49000.0,0.0001614221,-3.792,False
1433674097,2026-04-12 12:11:00.000000,2026-04-12T13:39:43.770000,2026-04-12,2026,4,Y,38819,FENGYUN 1C DEB,DEBRIS,SMALL,125,THOR ABLESTAR DEB,DEBRIS,SMALL,134.0,134000.0,0.0001602386,-3.7952,False
1430507961,2026-04-10 04:27:32.000000,2026-04-12T15:45:03.034000,2026-04-12,2026,4,Y,30765,FENGYUN 1C DEB,DEBRIS,SMALL,29734,FENGYUN 1C DEB,DEBRIS,SMALL,451.0,451000.0,0.0001027187,-3.9884,True
1431126233,2026-04-10 21:13:09.000000,2026-04-12T15:45:03.049000,2026-04-12,2026,4,Y,30765,FENGYUN 1C DEB,DEBRIS,SMALL,29734,FENGYUN 1C DEB,DEBRIS,SMALL,448.0,448000.0,0.0001222595,-3.9127,True
1431737332,2026-04-11 04:44:56.000000,2026-04-12T15:45:03.054000,2026-04-12,2026,4,Y,30765,FENGYUN 1C DEB,DEBRIS,SMALL,29734,FENGYUN 1C DEB,DEBRIS,SMALL,384.0,384000.0,0.0001249911,-3.9031,True
1432169141,2026-04-11 12:01:41.000000,2026-04-12T15:45:03.113000,2026-04-12,2026,4,Y,30765,FENGYUN 1C DEB,DEBRIS,SMALL,29734,FENGYUN 1C DEB,DEBRIS,SMALL,351.0,351000.0,0.0001158122,-3.9362,True
1432618733,2026-04-11 20:43:13.000000,2026-04-12T16:09:42.727000,2026-04-12,2026,4,Y,30015,FENGYUN 1C DEB,DEBRIS,SMALL,4867,THORAD AGENA D DEB,DEBRIS,SMALL,64.0,64000.0,0.0005540541,-3.2564,False
1432167412,2026-04-11 12:01:23.000000,2026-04-12T16:09:42.731000,2026-04-12,2026,4,Y,30015,FENGYUN 1C DEB,DEBRIS,SMALL,4867,THORAD AGENA D DEB,DEBRIS,SMALL,170.0,170000.0,0.0003521582,-3.4533,False
1433116543,2026-04-12 04:27:02.000000,2026-04-12T16:09:42.733000,2026-04-12,2026,4,Y,30015,FENGYUN 1C DEB,DEBRIS,SMALL,4867,THORAD AGENA D DEB,DEBRIS,SMALL,32.0,32000.0,0.0008320389,-3.0799,False
1433660387,2026-04-12 12:08:02.000000,2026-04-12T16:09:42.741000,2026-04-12,2026,4,Y,30015,FENGYUN 1C DEB,DEBRIS,SMALL,4867,THORAD AGENA D DEB,DEBRIS,SMALL,23.0,23000.0,0.001397168,-2.8548,False
1430505826,2026-04-10 04:27:11.000000,2026-04-13T00:01:35.131000,2026-04-13,2026,4,Y,29828,FENGYUN 1C DEB,DEBRIS,SMALL,21292,DELTA 1 DEB,DEBRIS,SMALL,86.0,86000.0,0.0002871689,-3.5419,False
1431124033,2026-04-10 21:12:41.000000,2026-04-13T00:01:35.143000,2026-04-13,2026,4,Y,29828,FENGYUN 1C DEB,DEBRIS,SMALL,21292,DELTA 1 DEB,DEBRIS,SMALL,60.0,60000.0,0.0003626865,-3.4405,False
1431735163,2026-04-11 04:44:32.000000,2026-04-13T00:01:35.173000,2026-04-13,2026,4,Y,29828,FENGYUN 1C DEB,DEBRIS,SMALL,21292,DELTA 1 DEB,DEBRIS,SMALL,115.0,115000.0,0.0003914729,-3.4073,False
1432618342,2026-04-11 20:43:09.000000,2026-04-13T00:01:35.225000,2026-04-13,2026,4,Y,29828,FENGYUN 1C DEB,DEBRIS,SMALL,21292,DELTA 1 DEB,DEBRIS,SMALL,115.0,115000.0,0.0005060987,-3.2958,False
1432167028,2026-04-11 12:01:19.000000,2026-04-13T00:01:35.242000,2026-04-13,2026,4,Y,29828,FENGYUN 1C DEB,DEBRIS,SMALL,21292,DELTA 1 DEB,DEBRIS,SMALL,87.0,87000.0,0.0009579147,-3.0187,False
1431869232,2026-04-11 05:25:38.000000,2026-04-13T02:54:48.315000,2026-04-13,2026,4,Y,31169,FENGYUN 1C DEB,DEBRIS,SMALL,67245,CZ-8A R/B,ROCKET BODY,LARGE,483.0,483000.0,0.0001100152,-3.9585,False
1432761157,2026-04-11 21:02:25.000000,2026-04-13T02:54:48.409000,2026-04-13,2026,4,Y,31169,FENGYUN 1C DEB,DEBRIS,SMALL,67245,CZ-8A R/B,ROCKET BODY,LARGE,145.0,145000.0,0.0002560179,-3.5917,False
1432241487,2026-04-11 12:24:39.000000,2026-04-13T02:54:48.476000,2026-04-13,2026,4,Y,31169,FENGYUN 1C DEB,DEBRIS,SMALL,67245,CZ-8A R/B,ROCKET BODY,LARGE,159.0,159000.0,0.0001576375,-3.8023,False
1433241260,2026-04-12 04:53:35.000000,2026-04-13T02:54:48.541000,2026-04-13,2026,4,Y,31169,FENGYUN 1C DEB,DEBRIS,SMALL,67245,CZ-8A R/B,ROCKET BODY,LARGE,333.0,333000.0,0.0001931816,-3.714,False
1434156355,2026-04-12 21:12:16.000000,2026-04-13T02:54:48.559000,2026-04-13,2026,4,Y,31169,FENGYUN 1C DEB,DEBRIS,SMALL,67245,CZ-8A R/B,ROCKET BODY,LARGE,403.0,403000.0,0.0001072237,-3.9697,False
1433741235,2026-04-12 12:29:06.000000,2026-04-13T02:54:48.561000,2026-04-13,2026,4,Y,31169,FENGYUN 1C DEB,DEBRIS,SMALL,67245,CZ-8A R/B,ROCKET BODY,LARGE,416.0,416000.0,0.0001014111,-3.9939,False
1432716777,2026-04-11 20:56:15.000000,2026-04-13T05:31:09.932000,2026-04-13,2026,4,Y,33648,FENGYUN 1C DEB,DEBRIS,SMALL,61834,CZ-6A DEB,DEBRIS,SMALL,92.0,92000.0,0.0001549734,-3.8097,False
1432224721,2026-04-11 12:17:12.000000,2026-04-13T05:31:09.960000,2026-04-13,2026,4,Y,33648,FENGYUN 1C DEB,DEBRIS,SMALL,61834,CZ-6A DEB,DEBRIS,SMALL,75.0,75000.0,0.000243089,-3.6142,False
1433203586,2026-04-12 04:45:52.000000,2026-04-13T05:31:10.008000,2026-04-13,2026,4,Y,33648,FENGYUN 1C DEB,DEBRIS,SMALL,61834,CZ-6A DEB,DEBRIS,SMALL,98.0,98000.0,0.0004314692,-3.3651,False
1433723865,2026-04-12 12:22:35.000000,2026-04-13T05:31:10.022000,2026-04-13,2026,4,Y,33648,FENGYUN 1C DEB,DEBRIS,SMALL,61834,CZ-6A DEB,DEBRIS,SMALL,95.0,95000.0,0.000417242,-3.3796,False
1431748747,2026-04-11 04:47:17.000000,2026-04-13T08:27:21.453000,2026-04-13,2026,4,Y,37707,FENGYUN 1C DEB,DEBRIS,SMALL,16613,SPOT 1,PAYLOAD,LARGE,23.0,23000.0,0.0003636496,-3.4393,False
1431119160,2026-04-10 21:18:54.000000,2026-04-13T08:27:21.467000,2026-04-13,2026,4,Y,37707,FENGYUN 1C DEB,DEBRIS,SMALL,16613,SPOT 1,PAYLOAD,LARGE,168.0,168000.0,0.0002468892,-3.6075,False
1432613222,2026-04-11 20:45:31.000000,2026-04-13T08:27:21.626000,2026-04-13,2026,4,Y,37707,FENGYUN 1C DEB,DEBRIS,SMALL,16613,SPOT 1,PAYLOAD,LARGE,508.0,508000.0,0.0007374391,-3.1323,False
1433120776,2026-04-12 04:27:55.000000,2026-04-13T08:27:21.692000,2026-04-13,2026,4,Y,37707,FENGYUN 1C DEB,DEBRIS,SMALL,16613,SPOT 1,PAYLOAD,LARGE,714.0,714000.0,0.0002310927,-3.6362,False
1432180069,2026-04-11 12:04:04.000000,2026-04-13T08:27:21.718000,2026-04-13,2026,4,Y,37707,FENGYUN 1C DEB,DEBRIS,SMALL,16613,SPOT 1,PAYLOAD,LARGE,717.0,717000.0,0.00049385,-3.3064,False
1431126560,2026-04-10 21:13:14.000000,2026-04-13T11:07:54.931000,2026-04-13,2026,4,Y,30899,FENGYUN 1C DEB,DEBRIS,SMALL,24871,IRIDIUM 920,PAYLOAD,LARGE,837.0,837000.0,0.0001363896,-3.8652,False
1431737643,2026-04-11 04:44:59.000000,2026-04-13T11:07:54.936000,2026-04-13,2026,4,Y,30899,FENGYUN 1C DEB,DEBRIS,SMALL,24871,IRIDIUM 920,PAYLOAD,LARGE,888.0,888000.0,0.0001579012,-3.8016,False
1432620858,2026-04-11 20:43:32.000000,2026-04-13T11:07:55.061000,2026-04-13,2026,4,Y,30899,FENGYUN 1C DEB,DEBRIS,SMALL,24871,IRIDIUM 920,PAYLOAD,LARGE,95.0,95000.0,0.0004821906,-3.3168,False
1433150958,2026-04-12 04:30:03.000000,2026-04-13T11:07:55.115000,2026-04-13,2026,4,Y,30899,FENGYUN 1C DEB,DEBRIS,SMALL,24871,IRIDIUM 920,PAYLOAD,LARGE,483.0,483000.0,0.000376334,-3.4244,False
1432169448,2026-04-11 12:01:46.000000,2026-04-13T11:07:55.146000,2026-04-13,2026,4,Y,30899,FENGYUN 1C DEB,DEBRIS,SMALL,24871,IRIDIUM 920,PAYLOAD,LARGE,949.0,949000.0,0.0001964907,-3.7067,False
1432171161,2026-04-11 12:02:06.000000,2026-04-13T11:17:56.110000,2026-04-13,2026,4,Y,31629,FENGYUN 1C DEB,DEBRIS,SMALL,16860,COSMOS 1763,PAYLOAD,LARGE,999.0,999000.0,0.0001417404,-3.8485,False
1433150949,2026-04-12 04:30:03.000000,2026-04-13T18:05:26.762000,2026-04-13,2026,4,Y,30893,FENGYUN 1C DEB,DEBRIS,SMALL,20879,CZ-4 DEB,DEBRIS,MEDIUM,58.0,58000.0,0.0004378757,-3.3586,False
1434032789,2026-04-12 20:49:30.000000,2026-04-13T18:05:26.799000,2026-04-13,2026,4,Y,30893,FENGYUN 1C DEB,DEBRIS,SMALL,20879,CZ-4 DEB,DEBRIS,MEDIUM,70.0,70000.0,0.0004595412,-3.3377,False
1433662297,2026-04-12 12:08:22.000000,2026-04-13T18:05:26.803000,2026-04-13,2026,4,Y,30893,FENGYUN 1C DEB,DEBRIS,SMALL,20879,CZ-4 DEB,DEBRIS,MEDIUM,64.0,64000.0,0.0004621973,-3.3352,False
1435110088,2026-04-13 12:18:14.000000,2026-04-13T22:22:11.312000,2026-04-13,2026,4,Y,35111,FENGYUN 1C DEB,DEBRIS,SMALL,27803,COSMOS 1375 DEB,DEBRIS,SMALL,8.0,8000.0,0.0005040749,-3.2975,False
1432168900,2026-04-11 12:01:39.000000,2026-04-13T23:02:48.636000,2026-04-13,2026,4,Y,30676,FENGYUN 1C DEB,DEBRIS,SMALL,25756,KITSAT 3,PAYLOAD,MEDIUM,935.0,935000.0,0.0005817938,-3.2352,False
1434049717,2026-04-12 20:52:37.000000,2026-04-14T11:09:46.064000,2026-04-14,2026,4,Y,38797,FENGYUN 1C DEB,DEBRIS,SMALL,40112,CZ-4C R/B,ROCKET BODY,LARGE,76.0,76000.0,0.0001836472,-3.736,False
1434573325,2026-04-13 05:44:53.000000,2026-04-14T11:09:46.069000,2026-04-14,2026,4,Y,38797,FENGYUN 1C DEB,DEBRIS,SMALL,40112,CZ-4C R/B,ROCKET BODY,LARGE,62.0,62000.0,0.0001329164,-3.8764,False
1435118602,2026-04-13 12:20:39.000000,2026-04-14T11:09:46.078000,2026-04-14,2026,4,Y,38797,FENGYUN 1C DEB,DEBRIS,SMALL,40112,CZ-4C R/B,ROCKET BODY,LARGE,54.0,54000.0,0.0001858027,-3.7309,False
1436371139,2026-04-14 11:39:17.000000,2026-04-14T11:09:46.080000,2026-04-14,2026,4,Y,38797,FENGYUN 1C DEB,DEBRIS,SMALL,40112,CZ-4C R/B,ROCKET BODY,LARGE,55.0,55000.0,0.0002664786,-3.5743,False
1435958198,2026-04-14 04:49:09.000000,2026-04-14T11:09:46.081000,2026-04-14,2026,4,Y,38797,FENGYUN 1C DEB,DEBRIS,SMALL,40112,CZ-4C R/B,ROCKET BODY,LARGE,52.0,52000.0,0.0002363346,-3.6265,False
1436358214,2026-04-14 11:37:23.000000,2026-04-14T12:07:58.766000,2026-04-14,2026,4,Y,30174,FENGYUN 1C DEB,DEBRIS,SMALL,270278,UNKNOWN,UNKNOWN,SMALL,256.0,256000.0,0.0001408207,-3.8513,False
1434020585,2026-04-12 20:50:50.000000,2026-04-14T12:48:34.244000,2026-04-14,2026,4,Y,31331,FENGYUN 1C DEB,DEBRIS,SMALL,35018,COSMOS 2251 DEB,DEBRIS,SMALL,97.0,97000.0,0.00013532,-3.8686,False
1433668670,2026-04-12 12:09:36.000000,2026-04-14T12:48:34.248000,2026-04-14,2026,4,Y,31331,FENGYUN 1C DEB,DEBRIS,SMALL,35018,COSMOS 2251 DEB,DEBRIS,SMALL,116.0,116000.0,0.000115598,-3.937,False
1433660771,2026-04-12 12:08:06.000000,2026-04-14T23:08:39.837000,2026-04-14,2026,4,Y,30193,FENGYUN 1C DEB,DEBRIS,SMALL,8294,SL-3 R/B,ROCKET BODY,LARGE,694.0,694000.0,0.0003343019,-3.4759,False
1434031183,2026-04-12 20:49:12.000000,2026-04-14T23:08:39.841000,2026-04-14,2026,4,Y,30193,FENGYUN 1C DEB,DEBRIS,SMALL,8294,SL-3 R/B,ROCKET BODY,LARGE,608.0,608000.0,0.0003000814,-3.5228,False
1434645455,2026-04-13 05:40:48.000000,2026-04-14T23:08:39.848000,2026-04-14,2026,4,Y,30193,FENGYUN 1C DEB,DEBRIS,SMALL,8294,SL-3 R/B,ROCKET BODY,LARGE,530.0,530000.0,0.0003589352,-3.445,False
1435042039,2026-04-13 12:16:29.000000,2026-04-14T23:08:39.878000,2026-04-14,2026,4,Y,30193,FENGYUN 1C DEB,DEBRIS,SMALL,8294,SL-3 R/B,ROCKET BODY,LARGE,252.0,252000.0,0.001374815,-2.8618,False
1435515016,2026-04-13 21:48:26.000000,2026-04-14T23:08:39.882000,2026-04-14,2026,4,Y,30193,FENGYUN 1C DEB,DEBRIS,SMALL,8294,SL-3 R/B,ROCKET BODY,LARGE,206.0,206000.0,0.001592063,-2.798,False
1436358233,2026-04-14 11:37:21.000000,2026-04-14T23:08:39.888000,2026-04-14,2026,4,Y,30193,FENGYUN 1C DEB,DEBRIS,SMALL,8294,SL-3 R/B,ROCKET BODY,LARGE,84.0,84000.0,0.002208156,-2.656,False
1436940477,2026-04-14 22:04:28.000000,2026-04-14T23:08:39.890000,2026-04-14,2026,4,Y,30193,FENGYUN 1C DEB,DEBRIS,SMALL,8294,SL-3 R/B,ROCKET BODY,LARGE,61.0,61000.0,0.004194224,-2.3773,False
1436952175,2026-04-14 22:07:39.000000,2026-04-15T01:33:16.810000,2026-04-15,2026,4,Y,37921,FENGYUN 1C DEB,DEBRIS,SMALL,268,THOR ABLESTAR DEB,DEBRIS,SMALL,25.0,25000.0,0.0005073483,-3.2947,False
1435890349,2026-04-14 04:48:10.000000,2026-04-15T01:33:16.823000,2026-04-15,2026,4,Y,37921,FENGYUN 1C DEB,DEBRIS,SMALL,268,THOR ABLESTAR DEB,DEBRIS,SMALL,39.0,39000.0,0.0002728565,-3.5641,False
1433120503,2026-04-12 04:27:51.000000,2026-04-15T02:32:53.898000,2026-04-15,2026,4,Y,29960,FENGYUN 1C DEB,DEBRIS,SMALL,15521,SL-3 DEB,DEBRIS,SMALL,188.0,188000.0,0.0001363641,-3.8653,False
1434030656,2026-04-12 20:49:04.000000,2026-04-15T02:32:53.937000,2026-04-15,2026,4,Y,29960,FENGYUN 1C DEB,DEBRIS,SMALL,15521,SL-3 DEB,DEBRIS,SMALL,77.0,77000.0,0.0002962056,-3.5284,False
1434644935,2026-04-13 05:40:40.000000,2026-04-15T02:32:53.939000,2026-04-15,2026,4,Y,29960,FENGYUN 1C DEB,DEBRIS,SMALL,15521,SL-3 DEB,DEBRIS,SMALL,70.0,70000.0,0.0002284467,-3.6412,False
1435041551,2026-04-13 12:16:20.000000,2026-04-15T02:32:53.947000,2026-04-15,2026,4,Y,29960,FENGYUN 1C DEB,DEBRIS,SMALL,15521,SL-3 DEB,DEBRIS,SMALL,56.0,56000.0,0.0003093182,-3.5096,False
1435518042,2026-04-13 21:49:05.000000,2026-04-15T02:32:53.951000,2026-04-15,2026,4,Y,29960,FENGYUN 1C DEB,DEBRIS,SMALL,15521,SL-3 DEB,DEBRIS,SMALL,64.0,64000.0,0.0001811941,-3.7419,False
1435929544,2026-04-14 04:45:32.000000,2026-04-15T02:32:53.967000,2026-04-15,2026,4,Y,29960,FENGYUN 1C DEB,DEBRIS,SMALL,15521,SL-3 DEB,DEBRIS,SMALL,40.0,40000.0,0.001046438,-2.9803,False
1436940022,2026-04-14 22:04:23.000000,2026-04-15T02:32:53.968000,2026-04-15,2026,4,Y,29960,FENGYUN 1C DEB,DEBRIS,SMALL,15521,SL-3 DEB,DEBRIS,SMALL,43.0,43000.0,0.001080755,-2.9663,False
1435895684,2026-04-14 04:53:25.000000,2026-04-15T04:39:58.587000,2026-04-15,2026,4,Y,29973,FENGYUN 1C DEB,DEBRIS,SMALL,54283,CZ-6A DEB,DEBRIS,SMALL,220.0,220000.0,0.0001491352,-3.8264,False
1435655905,2026-04-13 22:01:21.000000,2026-04-15T04:39:58.588000,2026-04-15,2026,4,Y,29973,FENGYUN 1C DEB,DEBRIS,SMALL,54283,CZ-6A DEB,DEBRIS,SMALL,232.0,232000.0,0.0001312918,-3.8818,False
1436357820,2026-04-14 11:37:17.000000,2026-04-15T04:39:58.609000,2026-04-15,2026,4,Y,29973,FENGYUN 1C DEB,DEBRIS,SMALL,54283,CZ-6A DEB,DEBRIS,SMALL,154.0,154000.0,0.0003170819,-3.4988,False
1436987789,2026-04-14 22:16:24.000000,2026-04-15T04:39:58.643000,2026-04-15,2026,4,Y,29973,FENGYUN 1C DEB,DEBRIS,SMALL,54283,CZ-6A DEB,DEBRIS,SMALL,92.0,92000.0,0.0007230215,-3.1408,False
1437419738,2026-04-15 04:39:00.000000,2026-04-15T04:39:58.652000,2026-04-15,2026,4,Y,29973,FENGYUN 1C DEB,DEBRIS,SMALL,54283,CZ-6A DEB,DEBRIS,SMALL,69.0,69000.0,0.001101635,-2.958,False
1434016686,2026-04-12 20:50:02.000000,2026-04-15T12:29:04.721000,2026-04-15,2026,4,Y,31994,FENGYUN 1C DEB,DEBRIS,SMALL,16715,THORAD AGENA D DEB,DEBRIS,SMALL,65.0,65000.0,0.0001128426,-3.9475,False
1434649852,2026-04-13 05:41:51.000000,2026-04-15T12:29:04.723000,2026-04-15,2026,4,Y,31994,FENGYUN 1C DEB,DEBRIS,SMALL,16715,THORAD AGENA D DEB,DEBRIS,SMALL,65.0,65000.0,0.0001105973,-3.9563,False
1435932301,2026-04-14 04:46:08.000000,2026-04-16T05:38:08.944000,2026-04-16,2026,4,Y,31226,FENGYUN 1C DEB,DEBRIS,SMALL,20440,OSCAR 17 (DOVE),PAYLOAD,MEDIUM,189.0,189000.0,0.0003405233,-3.4679,False
1437327221,2026-04-15 04:30:12.000000,2026-04-16T05:38:08.945000,2026-04-16,2026,4,Y,31226,FENGYUN 1C DEB,DEBRIS,SMALL,20440,OSCAR 17 (DOVE),PAYLOAD,MEDIUM,200.0,200000.0,0.0004182388,-3.3786,False
1436942728,2026-04-14 22:04:54.000000,2026-04-16T05:38:08.946000,2026-04-16,2026,4,Y,31226,FENGYUN 1C DEB,DEBRIS,SMALL,20440,OSCAR 17 (DOVE),PAYLOAD,MEDIUM,199.0,199000.0,0.0004230884,-3.3736,False
1436360448,2026-04-14 11:37:40.000000,2026-04-16T05:38:08.947000,2026-04-16,2026,4,Y,31226,FENGYUN 1C DEB,DEBRIS,SMALL,20440,OSCAR 17 (DOVE),PAYLOAD,MEDIUM,192.0,192000.0,0.0003984551,-3.3996,False
1437796434,2026-04-15 11:59:33.000000,2026-04-16T05:38:08.948000,2026-04-16,2026,4,Y,31226,FENGYUN 1C DEB,DEBRIS,SMALL,20440,OSCAR 17 (DOVE),PAYLOAD,MEDIUM,201.0,201000.0,0.0004108487,-3.3863,False
1438556763,2026-04-16 04:22:19.000000,2026-04-16T05:38:08.949000,2026-04-16,2026,4,Y,31226,FENGYUN 1C DEB,DEBRIS,SMALL,20440,OSCAR 17 (DOVE),PAYLOAD,MEDIUM,189.0,189000.0,0.0004875596,-3.312,False
1435517097,2026-04-13 21:48:52.000000,2026-04-16T06:07:31.060000,2026-04-16,2026,4,Y,36272,FENGYUN 1C DEB,DEBRIS,SMALL,13757,COSMOS 1428,PAYLOAD,LARGE,83.0,83000.0,0.001621202,-2.7902,False
1435888292,2026-04-14 04:47:44.000000,2026-04-16T06:07:31.062000,2026-04-16,2026,4,Y,36272,FENGYUN 1C DEB,DEBRIS,SMALL,13757,COSMOS 1428,PAYLOAD,LARGE,70.0,70000.0,0.002052732,-2.6877,False
1436367935,2026-04-14 11:38:47.000000,2026-04-16T06:07:31.066000,2026-04-16,2026,4,Y,36272,FENGYUN 1C DEB,DEBRIS,SMALL,13757,COSMOS 1428,PAYLOAD,LARGE,37.0,37000.0,0.002827458,-2.5486,False
1436950270,2026-04-14 22:07:16.000000,2026-04-16T06:07:31.067000,2026-04-16,2026,4,Y,36272,FENGYUN 1C DEB,DEBRIS,SMALL,13757,COSMOS 1428,PAYLOAD,LARGE,34.0,34000.0,0.003447164,-2.4625,False
1437324333,2026-04-15 04:29:36.000000,2026-04-16T06:07:31.068000,2026-04-16,2026,4,Y,36272,FENGYUN 1C DEB,DEBRIS,SMALL,13757,COSMOS 1428,PAYLOAD,LARGE,52.0,52000.0,0.003785379,-2.4219,False
1438284544,2026-04-15 23:20:10.000000,2026-04-16T06:07:31.069000,2026-04-16,2026,4,Y,36272,FENGYUN 1C DEB,DEBRIS,SMALL,13757,COSMOS 1428,PAYLOAD,LARGE,32.0,32000.0,0.004712152,-2.3268,False
1437752637,2026-04-15 12:01:40.000000,2026-04-16T06:07:31.072000,2026-04-16,2026,4,Y,36272,FENGYUN 1C DEB,DEBRIS,SMALL,13757,COSMOS 1428,PAYLOAD,LARGE,20.0,20000.0,0.004477332,-2.349,False
1435044683,2026-04-13 12:17:01.000000,2026-04-16T07:22:51.581000,2026-04-16,2026,4,Y,31327,FENGYUN 1C DEB,DEBRIS,SMALL,4594,COSMOS 374,PAYLOAD,MEDIUM,516.0,516000.0,0.0001330309,-3.876,False
1439056907,2026-04-16 12:13:19.000000,2026-04-16T12:58:38.486000,2026-04-16,2026,4,Y,31879,FENGYUN 1C DEB,DEBRIS,SMALL,29980,FENGYUN 1C DEB,DEBRIS,SMALL,33.0,33000.0,0.0009169292,-3.0377,True
1438558229,2026-04-16 04:22:34.000000,2026-04-16T12:58:38.487000,2026-04-16,2026,4,Y,31879,FENGYUN 1C DEB,DEBRIS,SMALL,29980,FENGYUN 1C DEB,DEBRIS,SMALL,27.0,27000.0,0.0007120119,-3.1475,True
1438278841,2026-04-15 23:19:21.000000,2026-04-16T12:58:38.491000,2026-04-16,2026,4,Y,31879,FENGYUN 1C DEB,DEBRIS,SMALL,29980,FENGYUN 1C DEB,DEBRIS,SMALL,44.0,44000.0,0.0007608102,-3.1187,True
1437797876,2026-04-15 11:59:56.000000,2026-04-16T12:58:38.498000,2026-04-16,2026,4,Y,31879,FENGYUN 1C DEB,DEBRIS,SMALL,29980,FENGYUN 1C DEB,DEBRIS,SMALL,102.0,102000.0,0.0004271404,-3.3694,True
1435702128,2026-04-13 22:10:06.000000,2026-04-16T17:59:19.540000,2026-04-16,2026,4,Y,30670,FENGYUN 1C DEB,DEBRIS,SMALL,60900,CZ-6A DEB,DEBRIS,SMALL,146.0,146000.0,0.0007730071,-3.1118,False
1435921390,2026-04-14 05:01:02.000000,2026-04-16T17:59:19.543000,2026-04-16,2026,4,Y,30670,FENGYUN 1C DEB,DEBRIS,SMALL,60900,CZ-6A DEB,DEBRIS,SMALL,177.0,177000.0,0.000259582,-3.5857,False
1435885685,2026-04-14 04:47:11.000000,2026-04-16T18:10:56.151000,2026-04-16,2026,4,Y,30279,FENGYUN 1C DEB,DEBRIS,SMALL,34648,IRIDIUM 33 DEB,DEBRIS,SMALL,102.0,102000.0,0.0003284836,-3.4835,False
1436365381,2026-04-14 11:38:23.000000,2026-04-16T18:10:56.288000,2026-04-16,2026,4,Y,30279,FENGYUN 1C DEB,DEBRIS,SMALL,34648,IRIDIUM 33 DEB,DEBRIS,SMALL,31.0,31000.0,0.0006446598,-3.1907,False
1436947701,2026-04-14 22:06:43.000000,2026-04-16T18:10:56.297000,2026-04-16,2026,4,Y,30279,FENGYUN 1C DEB,DEBRIS,SMALL,34648,IRIDIUM 33 DEB,DEBRIS,SMALL,39.0,39000.0,0.0007700346,-3.1135,False
1438282077,2026-04-15 23:19:47.000000,2026-04-16T18:10:56.298000,2026-04-16,2026,4,Y,30279,FENGYUN 1C DEB,DEBRIS,SMALL,34648,IRIDIUM 33 DEB,DEBRIS,SMALL,80.0,80000.0,0.0002812362,-3.5509,False
1437801076,2026-04-15 12:01:01.000000,2026-04-16T18:10:56.395000,2026-04-16,2026,4,Y,30279,FENGYUN 1C DEB,DEBRIS,SMALL,34648,IRIDIUM 33 DEB,DEBRIS,SMALL,25.0,25000.0,0.0009307434,-3.0312,False
1436358582,2026-04-14 11:37:23.000000,2026-04-17T09:07:54.493000,2026-04-17,2026,4,Y,30393,FENGYUN 1C DEB,DEBRIS,SMALL,270312,UNKNOWN,UNKNOWN,SMALL,601.0,601000.0,0.0001207347,-3.9182,False
1436363485,2026-04-14 11:38:06.000000,2026-04-17T10:35:04.412000,2026-04-17,2026,4,Y,33605,FENGYUN 1C DEB,DEBRIS,SMALL,270316,UNKNOWN,UNKNOWN,SMALL,640.0,640000.0,0.0001273744,-3.8949,False
1440014912,2026-04-17 03:59:33.000000,2026-04-17T11:05:52.655000,2026-04-17,2026,4,Y,32432,FENGYUN 1C DEB,DEBRIS,SMALL,30811,FENGYUN 1C DEB,DEBRIS,SMALL,31.0,31000.0,0.0001560798,-3.8067,True
1439057605,2026-04-16 12:13:24.000000,2026-04-17T11:05:52.666000,2026-04-17,2026,4,Y,32432,FENGYUN 1C DEB,DEBRIS,SMALL,30811,FENGYUN 1C DEB,DEBRIS,SMALL,137.0,137000.0,0.0001139609,-3.9432,True
1436362719,2026-04-14 11:38:01.000000,2026-04-17T11:33:35.717000,2026-04-17,2026,4,Y,32419,FENGYUN 1C DEB,DEBRIS,SMALL,18985,COSMOS 1934,PAYLOAD,LARGE,315.0,315000.0,0.0001778825,-3.7499,False
1437326385,2026-04-15 04:30:01.000000,2026-04-17T11:33:35.720000,2026-04-17,2026,4,Y,32419,FENGYUN 1C DEB,DEBRIS,SMALL,18985,COSMOS 1934,PAYLOAD,LARGE,321.0,321000.0,0.0001301531,-3.8855,False
1436945050,2026-04-14 22:05:44.000000,2026-04-17T11:33:35.728000,2026-04-17,2026,4,Y,32419,FENGYUN 1C DEB,DEBRIS,SMALL,18985,COSMOS 1934,PAYLOAD,LARGE,311.0,311000.0,0.000122289,-3.9126,False
1438276843,2026-04-15 23:19:05.000000,2026-04-18T01:16:57.172000,2026-04-18,2026,4,Y,31046,FENGYUN 1C DEB,DEBRIS,SMALL,28931,ALOS,PAYLOAD,LARGE,484.0,484000.0,0.0001501249,-3.8235,False
1440872612,2026-04-17 20:40:44.000000,2026-04-18T01:16:57.412000,2026-04-18,2026,4,Y,31046,FENGYUN 1C DEB,DEBRIS,SMALL,28931,ALOS,PAYLOAD,LARGE,62.0,62000.0,0.0001109678,-3.9548,False
1438555260,2026-04-16 04:22:04.000000,2026-04-18T08:12:19.234000,2026-04-18,2026,4,Y,30541,FENGYUN 1C DEB,DEBRIS,SMALL,7655,DIAMANT B-P4 DEB,DEBRIS,SMALL,42.0,42000.0,0.0001813674,-3.7414,False
1438275718,2026-04-15 23:18:56.000000,2026-04-18T08:12:19.237000,2026-04-18,2026,4,Y,30541,FENGYUN 1C DEB,DEBRIS,SMALL,7655,DIAMANT B-P4 DEB,DEBRIS,SMALL,76.0,76000.0,0.0001454747,-3.8372,False
1439054117,2026-04-16 12:12:50.000000,2026-04-18T08:12:19.268000,2026-04-18,2026,4,Y,30541,FENGYUN 1C DEB,DEBRIS,SMALL,7655,DIAMANT B-P4 DEB,DEBRIS,SMALL,81.0,81000.0,0.0002086981,-3.6805,False
1440011326,2026-04-17 03:58:49.000000,2026-04-18T08:12:19.272000,2026-04-18,2026,4,Y,30541,FENGYUN 1C DEB,DEBRIS,SMALL,7655,DIAMANT B-P4 DEB,DEBRIS,SMALL,110.0,110000.0,0.0003797951,-3.4205,False
1439581863,2026-04-16 22:38:55.000000,2026-04-18T08:12:19.273000,2026-04-18,2026,4,Y,30541,FENGYUN 1C DEB,DEBRIS,SMALL,7655,DIAMANT B-P4 DEB,DEBRIS,SMALL,116.0,116000.0,0.0002865047,-3.5429,False
1441369430,2026-04-18 05:25:48.000000,2026-04-18T08:12:19.286000,2026-04-18,2026,4,Y,30541,FENGYUN 1C DEB,DEBRIS,SMALL,7655,DIAMANT B-P4 DEB,DEBRIS,SMALL,226.0,226000.0,0.0002202057,-3.6572,False
1440014059,2026-04-17 03:59:23.000000,2026-04-18T12:30:04.132000,2026-04-18,2026,4,Y,31781,FENGYUN 1C DEB,DEBRIS,SMALL,23940,TOMS EP,PAYLOAD,LARGE,25.0,25000.0,0.0007483409,-3.1259,False
1441809939,2026-04-18 11:50:15.000000,2026-04-18T12:30:04.177000,2026-04-18,2026,4,Y,31781,FENGYUN 1C DEB,DEBRIS,SMALL,23940,TOMS EP,PAYLOAD,LARGE,465.0,465000.0,0.0005105892,-3.2919,False
1440394375,2026-04-17 12:02:52.000000,2026-04-18T12:30:04.178000,2026-04-18,2026,4,Y,31781,FENGYUN 1C DEB,DEBRIS,SMALL,23940,TOMS EP,PAYLOAD,LARGE,402.0,402000.0,0.0009397268,-3.027,False
1440874301,2026-04-17 20:40:57.000000,2026-04-18T12:30:04.182000,2026-04-18,2026,4,Y,31781,FENGYUN 1C DEB,DEBRIS,SMALL,23940,TOMS EP,PAYLOAD,LARGE,482.0,482000.0,0.000887646,-3.0518,False
1441372163,2026-04-18 05:26:28.000000,2026-04-18T12:30:04.183000,2026-04-18,2026,4,Y,31781,FENGYUN 1C DEB,DEBRIS,SMALL,23940,TOMS EP,PAYLOAD,LARGE,531.0,531000.0,0.0004466258,-3.3501,False
1441433177,2026-04-18 05:29:45.000000,2026-04-18T16:43:59.218000,2026-04-18,2026,4,Y,35105,FENGYUN 1C DEB,DEBRIS,,41277,NOAA 16 DEB,DEBRIS,SMALL,111.0,111000.0,0.0001128951,-3.9473,False
1442435453,2026-04-18 22:02:16.000000,2026-04-19T08:00:00.367000,2026-04-19,2026,4,Y,35220,FENGYUN 1C DEB,DEBRIS,SMALL,37537,COSMOS 2251 DEB,DEBRIS,SMALL,76.0,76000.0,0.0002116722,-3.6743,False
1442672364,2026-04-19 05:48:23.000000,2026-04-19T08:00:00.391000,2026-04-19,2026,4,Y,35220,FENGYUN 1C DEB,DEBRIS,SMALL,37537,COSMOS 2251 DEB,DEBRIS,SMALL,126.0,126000.0,0.0001417104,-3.8486,False
1441389792,2026-04-18 05:28:08.000000,2026-04-19T08:00:00.412000,2026-04-19,2026,4,Y,35220,FENGYUN 1C DEB,DEBRIS,SMALL,37537,COSMOS 2251 DEB,DEBRIS,SMALL,136.0,136000.0,0.0001134059,-3.9454,False
1442711123,2026-04-19 05:46:59.000000,2026-04-19T09:29:01.087000,2026-04-19,2026,4,Y,30247,FENGYUN 1C DEB,DEBRIS,SMALL,2674,DIADEME 1,PAYLOAD,MEDIUM,729.0,729000.0,0.0002019457,-3.6948,False
1442425940,2026-04-18 22:00:53.000000,2026-04-19T12:11:47.241000,2026-04-19,2026,4,Y,30883,FENGYUN 1C DEB,DEBRIS,SMALL,30454,FENGYUN 1C DEB,DEBRIS,SMALL,62.0,62000.0,0.0001700462,-3.7694,True
1440012348,2026-04-17 03:59:01.000000,2026-04-19T15:17:04.313000,2026-04-19,2026,4,Y,31028,FENGYUN 1C DEB,DEBRIS,SMALL,30205,FENGYUN 1C DEB,DEBRIS,SMALL,78.0,78000.0,0.000117472,-3.9301,True
1440872585,2026-04-17 20:40:43.000000,2026-04-19T15:17:04.328000,2026-04-19,2026,4,Y,31028,FENGYUN 1C DEB,DEBRIS,SMALL,30205,FENGYUN 1C DEB,DEBRIS,SMALL,81.0,81000.0,0.000106701,-3.9718,True
1439582935,2026-04-16 22:39:05.000000,2026-04-19T15:17:04.333000,2026-04-19,2026,4,Y,31028,FENGYUN 1C DEB,DEBRIS,SMALL,30205,FENGYUN 1C DEB,DEBRIS,SMALL,51.0,51000.0,0.000701197,-3.1542,True
1442672005,2026-04-19 05:48:20.000000,2026-04-19T17:21:59.606000,2026-04-19,2026,4,Y,37067,FENGYUN 1C DEB,DEBRIS,SMALL,49047,OBJECT E,UNKNOWN,SMALL,336.0,336000.0,0.0001012493,-3.9946,False
1439581412,2026-04-16 22:38:53.000000,2026-04-19T19:34:59.410000,2026-04-19,2026,4,Y,30289,FENGYUN 1C DEB,DEBRIS,SMALL,6788,THOR BURNER 2 R/B,ROCKET BODY,LARGE,323.0,323000.0,0.0001199779,-3.9209,False
1440010900,2026-04-17 03:58:43.000000,2026-04-19T19:34:59.412000,2026-04-19,2026,4,Y,30289,FENGYUN 1C DEB,DEBRIS,SMALL,6788,THOR BURNER 2 R/B,ROCKET BODY,LARGE,315.0,315000.0,0.0001133572,-3.9456,False
1440871027,2026-04-17 20:40:30.000000,2026-04-19T19:34:59.444000,2026-04-19,2026,4,Y,30289,FENGYUN 1C DEB,DEBRIS,SMALL,6788,THOR BURNER 2 R/B,ROCKET BODY,LARGE,551.0,551000.0,0.0001903558,-3.7204,False
1443111554,2026-04-19 11:59:50.000000,2026-04-19T21:58:24.211000,2026-04-19,2026,4,Y,30632,FENGYUN 1C DEB,DEBRIS,SMALL,1814,FR 1,PAYLOAD,MEDIUM,212.0,212000.0,0.0001785932,-3.7481,False
1443651755,2026-04-19 21:32:38.000000,2026-04-19T21:58:24.218000,2026-04-19,2026,4,Y,30632,FENGYUN 1C DEB,DEBRIS,SMALL,1814,FR 1,PAYLOAD,MEDIUM,224.0,224000.0,0.0002156531,-3.6662,False
1442480795,2026-04-18 22:17:04.000000,2026-04-20T01:52:15.161000,2026-04-20,2026,4,Y,31498,FENGYUN 1C DEB,DEBRIS,SMALL,65115,CZ-12 R/B,ROCKET BODY,LARGE,269.0,269000.0,0.0001120571,-3.9506,False
1443113524,2026-04-19 12:00:02.000000,2026-04-20T01:52:15.187000,2026-04-20,2026,4,Y,31498,FENGYUN 1C DEB,DEBRIS,SMALL,65115,CZ-12 R/B,ROCKET BODY,LARGE,47.0,47000.0,0.0002641258,-3.5782,False
1443796717,2026-04-19 21:51:44.000000,2026-04-20T01:52:15.188000,2026-04-20,2026,4,Y,31498,FENGYUN 1C DEB,DEBRIS,SMALL,65115,CZ-12 R/B,ROCKET BODY,LARGE,40.0,40000.0,0.0003536215,-3.4515,False
1442790126,2026-04-19 05:59:01.000000,2026-04-20T01:52:15.190000,2026-04-20,2026,4,Y,31498,FENGYUN 1C DEB,DEBRIS,SMALL,65115,CZ-12 R/B,ROCKET BODY,LARGE,59.0,59000.0,0.0002388986,-3.6218,False
1441919783,2026-04-18 12:00:59.000000,2026-04-20T01:52:15.213000,2026-04-20,2026,4,Y,31498,FENGYUN 1C DEB,DEBRIS,SMALL,65115,CZ-12 R/B,ROCKET BODY,LARGE,340.0,340000.0,0.0001085017,-3.9646,False
1442428161,2026-04-18 22:01:15.000000,2026-04-20T09:15:26.363000,2026-04-20,2026,4,Y,31861,FENGYUN 1C DEB,DEBRIS,SMALL,17143,COSMOS 1799,PAYLOAD,MEDIUM,355.0,355000.0,0.0002663101,-3.5746,False
1443656586,2026-04-19 21:33:54.000000,2026-04-20T09:15:26.403000,2026-04-20,2026,4,Y,31861,FENGYUN 1C DEB,DEBRIS,SMALL,17143,COSMOS 1799,PAYLOAD,MEDIUM,597.0,597000.0,0.0001872497,-3.7276,False
1443114234,2026-04-19 12:00:08.000000,2026-04-20T09:15:26.413000,2026-04-20,2026,4,Y,31861,FENGYUN 1C DEB,DEBRIS,SMALL,17143,COSMOS 1799,PAYLOAD,MEDIUM,650.0,650000.0,0.0001638088,-3.7857,False
1444171936,2026-04-20 04:37:53.000000,2026-04-20T09:15:26.414000,2026-04-20,2026,4,Y,31861,FENGYUN 1C DEB,DEBRIS,SMALL,17143,COSMOS 1799,PAYLOAD,MEDIUM,665.0,665000.0,0.0001535651,-3.8137,False
1442714613,2026-04-19 05:47:31.000000,2026-04-20T09:15:26.416000,2026-04-20,2026,4,Y,31861,FENGYUN 1C DEB,DEBRIS,SMALL,17143,COSMOS 1799,PAYLOAD,MEDIUM,696.0,696000.0,0.0001471843,-3.8321,False
1440391688,2026-04-17 12:02:31.000000,2026-04-20T09:15:26.418000,2026-04-20,2026,4,Y,31861,FENGYUN 1C DEB,DEBRIS,SMALL,17143,COSMOS 1799,PAYLOAD,MEDIUM,652.0,652000.0,0.0001665605,-3.7784,False
1441372299,2026-04-18 05:26:31.000000,2026-04-20T09:15:26.421000,2026-04-20,2026,4,Y,31861,FENGYUN 1C DEB,DEBRIS,SMALL,17143,COSMOS 1799,PAYLOAD,MEDIUM,704.0,704000.0,0.0001653962,-3.7815,False
1440874451,2026-04-17 20:41:01.000000,2026-04-20T09:15:26.424000,2026-04-20,2026,4,Y,31861,FENGYUN 1C DEB,DEBRIS,SMALL,17143,COSMOS 1799,PAYLOAD,MEDIUM,724.0,724000.0,0.0001574835,-3.8028,False
1442436108,2026-04-18 22:02:19.000000,2026-04-20T11:31:14.334000,2026-04-20,2026,4,Y,30107,FENGYUN 1C DEB,DEBRIS,SMALL,38028,IRIDIUM 33 DEB,DEBRIS,SMALL,240.0,240000.0,0.0003084952,-3.5108,False
1441811596,2026-04-18 11:50:24.000000,2026-04-20T17:56:48.930000,2026-04-20,2026,4,Y,33613,FENGYUN 1C DEB,DEBRIS,SMALL,23814,REX 2,PAYLOAD,MEDIUM,690.0,690000.0,0.0002555676,-3.5925,False
1440871609,2026-04-17 20:40:35.000000,2026-04-20T18:38:07.510000,2026-04-20,2026,4,Y,30599,FENGYUN 1C DEB,DEBRIS,SMALL,18822,DMSP 5D-2 F9 (USA 29),PAYLOAD,LARGE,964.0,964000.0,0.0003842418,-3.4154,False
1442426018,2026-04-18 22:00:54.000000,2026-04-20T23:20:50.208000,2026-04-20,2026,4,Y,30925,FENGYUN 1C DEB,DEBRIS,SMALL,22675,COSMOS 2251,PAYLOAD,LARGE,532.0,532000.0,0.0001394476,-3.8556,False
1441370243,2026-04-18 05:25:59.000000,2026-04-20T23:20:50.331000,2026-04-20,2026,4,Y,30925,FENGYUN 1C DEB,DEBRIS,SMALL,22675,COSMOS 2251,PAYLOAD,LARGE,386.0,386000.0,0.0001696269,-3.7705,False
1443112154,2026-04-19 11:59:55.000000,2026-04-20T23:20:50.451000,2026-04-20,2026,4,Y,30925,FENGYUN 1C DEB,DEBRIS,SMALL,22675,COSMOS 2251,PAYLOAD,LARGE,252.0,252000.0,0.0002952155,-3.5299,False
1442712506,2026-04-19 05:47:09.000000,2026-04-20T23:20:50.496000,2026-04-20,2026,4,Y,30925,FENGYUN 1C DEB,DEBRIS,SMALL,22675,COSMOS 2251,PAYLOAD,LARGE,202.0,202000.0,0.0004718893,-3.3262,False
1441808124,2026-04-18 11:49:59.000000,2026-04-20T23:20:50.622000,2026-04-20,2026,4,Y,30925,FENGYUN 1C DEB,DEBRIS,SMALL,22675,COSMOS 2251,PAYLOAD,LARGE,47.0,47000.0,0.0002776936,-3.5564,False
1444645195,2026-04-20 12:38:13.000000,2026-04-21T02:38:27.851000,2026-04-21,2026,4,Y,30949,FENGYUN 1C DEB,DEBRIS,SMALL,41657,NOAA 16 DEB,DEBRIS,SMALL,55.0,55000.0,0.0001024641,-3.9894,False
1444617418,2026-04-20 12:35:33.000000,2026-04-21T03:34:19.185000,2026-04-21,2026,4,Y,31073,FENGYUN 1C DEB,DEBRIS,SMALL,5746,THOR ABLESTAR DEB,DEBRIS,SMALL,177.0,177000.0,0.0001145051,-3.9412,False
1445923845,2026-04-21 05:46:34.000000,2026-04-21T15:34:36.359000,2026-04-21,2026,4,Y,37914,FENGYUN 1C DEB,DEBRIS,SMALL,33726,FENGYUN 1C DEB,DEBRIS,SMALL,369.0,369000.0,0.0001556402,-3.8079,True
1445301698,2026-04-20 22:30:26.000000,2026-04-21T15:34:36.368000,2026-04-21,2026,4,Y,37914,FENGYUN 1C DEB,DEBRIS,SMALL,33726,FENGYUN 1C DEB,DEBRIS,SMALL,338.0,338000.0,0.0001266623,-3.8974,True
1442425624,2026-04-18 22:00:50.000000,2026-04-21T16:00:11.523000,2026-04-21,2026,4,Y,30753,FENGYUN 1C DEB,DEBRIS,SMALL,15334,SL-12 R/B(2),ROCKET BODY,LARGE,820.0,820000.0,0.0002935164,-3.5324,False
1446080460,2026-04-21 05:52:17.000000,2026-04-21T22:49:40.575000,2026-04-21,2026,4,Y,36689,FENGYUN 1C DEB,DEBRIS,SMALL,57393,ELECTRON KICK STAGE R/B,ROCKET BODY,LARGE,224.0,224000.0,0.0001159228,-3.9358,False
1446455190,2026-04-21 12:22:45.000000,2026-04-21T22:49:40.587000,2026-04-21,2026,4,Y,36689,FENGYUN 1C DEB,DEBRIS,SMALL,57393,ELECTRON KICK STAGE R/B,ROCKET BODY,LARGE,212.0,212000.0,0.0002011662,-3.6964,False
1443685505,2026-04-19 21:37:30.000000,2026-04-22T01:19:56.230000,2026-04-22,2026,4,Y,30356,FENGYUN 1C DEB,DEBRIS,SMALL,36860,METEOR 2-8 DEB,DEBRIS,SMALL,85.0,85000.0,0.0002068381,-3.6844,False
1443120744,2026-04-19 12:00:52.000000,2026-04-22T01:19:56.263000,2026-04-22,2026,4,Y,30356,FENGYUN 1C DEB,DEBRIS,SMALL,36860,METEOR 2-8 DEB,DEBRIS,SMALL,116.0,116000.0,0.0001658196,-3.7804,False
1446151412,2026-04-21 12:13:37.000000,2026-04-22T01:25:56.866000,2026-04-22,2026,4,Y,30141,FENGYUN 1C DEB,DEBRIS,SMALL,18681,SL-8 DEB,DEBRIS,SMALL,207.0,207000.0,0.0001092,-3.9618,False
1446098540,2026-04-21 05:44:47.000000,2026-04-22T01:25:56.888000,2026-04-22,2026,4,Y,30141,FENGYUN 1C DEB,DEBRIS,SMALL,18681,SL-8 DEB,DEBRIS,SMALL,14.0,14000.0,0.0001141768,-3.9424,False
1443110860,2026-04-19 11:59:47.000000,2026-04-22T02:39:10.084000,2026-04-22,2026,4,Y,30275,FENGYUN 1C DEB,DEBRIS,SMALL,270078,UNKNOWN,UNKNOWN,SMALL,335.0,335000.0,0.000128745,-3.8903,False
1442711178,2026-04-19 05:46:58.000000,2026-04-22T02:39:10.158000,2026-04-22,2026,4,Y,30275,FENGYUN 1C DEB,DEBRIS,SMALL,270078,UNKNOWN,UNKNOWN,SMALL,306.0,306000.0,0.0001531262,-3.815,False
1444615781,2026-04-20 12:35:14.000000,2026-04-22T02:39:10.352000,2026-04-22,2026,4,Y,30275,FENGYUN 1C DEB,DEBRIS,SMALL,270078,UNKNOWN,UNKNOWN,SMALL,181.0,181000.0,0.000188845,-3.7239,False
1446149177,2026-04-21 12:13:20.000000,2026-04-22T20:43:52.091000,2026-04-22,2026,4,Y,30931,FENGYUN 1C DEB,DEBRIS,SMALL,12870,COSMOS 970 DEB,DEBRIS,SMALL,151.0,151000.0,0.0001667525,-3.7779,False
1447271108,2026-04-22 04:03:37.000000,2026-04-22T20:43:52.101000,2026-04-22,2026,4,Y,30931,FENGYUN 1C DEB,DEBRIS,SMALL,12870,COSMOS 970 DEB,DEBRIS,SMALL,178.0,178000.0,0.000130129,-3.8856,False
1446100161,2026-04-21 05:45:06.000000,2026-04-22T20:43:52.102000,2026-04-22,2026,4,Y,30931,FENGYUN 1C DEB,DEBRIS,SMALL,12870,COSMOS 970 DEB,DEBRIS,SMALL,160.0,160000.0,0.0001604576,-3.7946,False
1447861232,2026-04-22 12:45:24.000000,2026-04-22T22:00:52.734000,2026-04-22,2026,4,Y,31199,FENGYUN 1C DEB,DEBRIS,SMALL,3392,SCOUT B DEB,DEBRIS,SMALL,125.0,125000.0,0.0001005956,-3.9974,False
1444169651,2026-04-20 04:37:34.000000,2026-04-22T22:12:13.011000,2026-04-22,2026,4,Y,30867,FENGYUN 1C DEB,DEBRIS,SMALL,10539,COSMOS 972,PAYLOAD,LARGE,265.0,265000.0,0.001885427,-2.7246,False
1446100020,2026-04-21 05:45:01.000000,2026-04-22T22:12:13.073000,2026-04-22,2026,4,Y,30867,FENGYUN 1C DEB,DEBRIS,SMALL,10539,COSMOS 972,PAYLOAD,LARGE,196.0,196000.0,0.0008962325,-3.0476,False
1445290454,2026-04-20 22:28:55.000000,2026-04-22T22:12:13.108000,2026-04-22,2026,4,Y,30867,FENGYUN 1C DEB,DEBRIS,SMALL,10539,COSMOS 972,PAYLOAD,LARGE,175.0,175000.0,0.002678606,-2.5721,False
1444616958,2026-04-20 12:35:29.000000,2026-04-22T22:12:13.228000,2026-04-22,2026,4,Y,30867,FENGYUN 1C DEB,DEBRIS,SMALL,10539,COSMOS 972,PAYLOAD,LARGE,64.0,64000.0,0.007056081,-2.1514,False
1444087707,2026-04-20 04:40:59.000000,2026-04-22T22:29:41.895000,2026-04-22,2026,4,Y,47101,FENGYUN 1C DEB *,DEBRIS,,15482,COSMOS 1624,PAYLOAD,LARGE,242.0,242000.0,0.0003040769,-3.517,False
1445893684,2026-04-21 05:43:16.000000,2026-04-22T22:29:41.978000,2026-04-22,2026,4,Y,47101,FENGYUN 1C DEB *,DEBRIS,,15482,COSMOS 1624,PAYLOAD,LARGE,804.0,804000.0,0.0005036272,-3.2979,False
1444171208,2026-04-20 04:37:46.000000,2026-04-22T22:53:01.101000,2026-04-22,2026,4,Y,31510,FENGYUN 1C DEB,DEBRIS,SMALL,16952,COSMOS 1777,PAYLOAD,LARGE,205.0,205000.0,0.0008890775,-3.0511,False
1446150969,2026-04-21 12:13:35.000000,2026-04-22T22:53:01.102000,2026-04-22,2026,4,Y,31510,FENGYUN 1C DEB,DEBRIS,SMALL,16952,COSMOS 1777,PAYLOAD,LARGE,233.0,233000.0,0.0003768354,-3.4238,False
1447273017,2026-04-22 04:05:10.000000,2026-04-22T22:53:01.113000,2026-04-22,2026,4,Y,31510,FENGYUN 1C DEB,DEBRIS,SMALL,16952,COSMOS 1777,PAYLOAD,LARGE,280.0,280000.0,0.0003207245,-3.4939,False
1446856717,2026-04-21 22:34:53.000000,2026-04-22T22:53:01.117000,2026-04-22,2026,4,Y,31510,FENGYUN 1C DEB,DEBRIS,SMALL,16952,COSMOS 1777,PAYLOAD,LARGE,310.0,310000.0,0.0002322134,-3.6341,False
1446101640,2026-04-21 05:45:19.000000,2026-04-22T22:53:01.123000,2026-04-22,2026,4,Y,31510,FENGYUN 1C DEB,DEBRIS,SMALL,16952,COSMOS 1777,PAYLOAD,LARGE,249.0,249000.0,0.0005751852,-3.2402,False
1445292113,2026-04-20 22:29:09.000000,2026-04-22T22:53:01.138000,2026-04-22,2026,4,Y,31510,FENGYUN 1C DEB,DEBRIS,SMALL,16952,COSMOS 1777,PAYLOAD,LARGE,321.0,321000.0,0.0004458211,-3.3508,False
1444618444,2026-04-20 12:35:43.000000,2026-04-22T22:53:01.162000,2026-04-22,2026,4,Y,31510,FENGYUN 1C DEB,DEBRIS,SMALL,16952,COSMOS 1777,PAYLOAD,LARGE,510.0,510000.0,0.0002759768,-3.5591,False
1446098030,2026-04-21 05:44:41.000000,2026-04-23T03:44:12.475000,2026-04-23,2026,4,Y,29856,FENGYUN 1C DEB,DEBRIS,SMALL,6079,METEOR 1-12,PAYLOAD,LARGE,235.0,235000.0,0.0001699516,-3.7697,False
1445288410,2026-04-20 22:28:40.000000,2026-04-23T03:44:12.622000,2026-04-23,2026,4,Y,29856,FENGYUN 1C DEB,DEBRIS,SMALL,6079,METEOR 1-12,PAYLOAD,LARGE,199.0,199000.0,0.0001744188,-3.7584,False
1444634627,2026-04-20 12:39:40.000000,2026-04-23T07:15:49.587000,2026-04-23,2026,4,Y,47101,FENGYUN 1C DEB *,DEBRIS,,8542,DELTA 1 DEB,DEBRIS,SMALL,246.0,246000.0,0.000104813,-3.9796,False
1446147946,2026-04-21 12:13:09.000000,2026-04-23T15:00:54.794000,2026-04-23,2026,4,Y,29956,FENGYUN 1C DEB,DEBRIS,MEDIUM,7209,METEOR 1-16,PAYLOAD,LARGE,73.0,73000.0,0.007092312,-2.1492,False
1446853307,2026-04-21 22:34:19.000000,2026-04-23T15:00:54.797000,2026-04-23,2026,4,Y,29956,FENGYUN 1C DEB,DEBRIS,MEDIUM,7209,METEOR 1-16,PAYLOAD,LARGE,118.0,118000.0,0.004561413,-2.3409,False
1447269746,2026-04-22 04:02:49.000000,2026-04-23T15:00:54.798000,2026-04-23,2026,4,Y,29956,FENGYUN 1C DEB,DEBRIS,MEDIUM,7209,METEOR 1-16,PAYLOAD,LARGE,115.0,115000.0,0.004547725,-2.3422,False
1449031370,2026-04-23 04:45:57.000000,2026-04-23T15:00:54.800000,2026-04-23,2026,4,Y,29956,FENGYUN 1C DEB,DEBRIS,MEDIUM,7209,METEOR 1-16,PAYLOAD,LARGE,63.0,63000.0,0.01143078,-1.9419,False
1449476382,2026-04-23 11:57:33.000000,2026-04-23T15:00:54.802000,2026-04-23,2026,4,Y,29956,FENGYUN 1C DEB,DEBRIS,MEDIUM,7209,METEOR 1-16,PAYLOAD,LARGE,37.0,37000.0,0.02300725,-1.6381,False
1448561373,2026-04-23 00:26:30.000000,2026-04-23T15:00:54.803000,2026-04-23,2026,4,Y,29956,FENGYUN 1C DEB,DEBRIS,MEDIUM,7209,METEOR 1-16,PAYLOAD,LARGE,91.0,91000.0,0.005199089,-2.2841,False
1447884795,2026-04-22 12:47:45.000000,2026-04-24T01:13:37.963000,2026-04-24,2026,4,Y,32119,FENGYUN 1C DEB,DEBRIS,SMALL,41289,NOAA 16 DEB,DEBRIS,SMALL,246.0,246000.0,0.0001245473,-3.9047,False
1447252754,2026-04-22 04:21:40.000000,2026-04-24T07:03:44.121000,2026-04-24,2026,4,Y,25730,FENGYUN 1C,PAYLOAD,MEDIUM,54955,CZ-6A DEB,DEBRIS,SMALL,817.0,817000.0,0.0008550938,-3.068,False
1446897183,2026-04-21 22:41:36.000000,2026-04-24T07:03:44.211000,2026-04-24,2026,4,Y,25730,FENGYUN 1C,PAYLOAD,MEDIUM,54955,CZ-6A DEB,DEBRIS,SMALL,78.0,78000.0,0.0003049236,-3.5158,False
1451032531,2026-04-24 12:03:45.000000,2026-04-24T14:07:56.551000,2026-04-24,2026,4,Y,30243,FENGYUN 1C DEB,DEBRIS,SMALL,61295,CZ-6A DEB,DEBRIS,SMALL,3.0,3000.0,0.009100652,-2.0409,False
1450878739,2026-04-24 08:53:38.000000,2026-04-24T14:07:56.553000,2026-04-24,2026,4,Y,30243,FENGYUN 1C DEB,DEBRIS,SMALL,61295,CZ-6A DEB,DEBRIS,SMALL,10.0,10000.0,0.008393483,-2.0761,False
1449996898,2026-04-23 22:32:58.000000,2026-04-24T14:07:56.558000,2026-04-24,2026,4,Y,30243,FENGYUN 1C DEB,DEBRIS,SMALL,61295,CZ-6A DEB,DEBRIS,SMALL,4.0,4000.0,0.008141996,-2.0893,False
1447300774,2026-04-22 04:32:45.000000,2026-04-24T14:07:56.559000,2026-04-24,2026,4,Y,30243,FENGYUN 1C DEB,DEBRIS,SMALL,61295,CZ-6A DEB,DEBRIS,SMALL,43.0,43000.0,0.001363471,-2.8654,False
1449118367,2026-04-23 04:58:21.000000,2026-04-24T14:07:56.563000,2026-04-24,2026,4,Y,30243,FENGYUN 1C DEB,DEBRIS,SMALL,61295,CZ-6A DEB,DEBRIS,SMALL,4.0,4000.0,0.00634999,-2.1972,False
1449476851,2026-04-23 11:57:37.000000,2026-04-24T14:07:56.565000,2026-04-24,2026,4,Y,30243,FENGYUN 1C DEB,DEBRIS,SMALL,61295,CZ-6A DEB,DEBRIS,SMALL,2.0,2000.0,0.00744335,-2.1282,False
1448651351,2026-04-23 00:52:42.000000,2026-04-24T14:07:56.568000,2026-04-24,2026,4,Y,30243,FENGYUN 1C DEB,DEBRIS,SMALL,61295,CZ-6A DEB,DEBRIS,SMALL,6.0,6000.0,0.005715165,-2.243,False
1447944005,2026-04-22 12:57:17.000000,2026-04-24T14:07:56.577000,2026-04-24,2026,4,Y,30243,FENGYUN 1C DEB,DEBRIS,SMALL,61295,CZ-6A DEB,DEBRIS,SMALL,33.0,33000.0,0.002204818,-2.6566,False
1449479908,2026-04-23 11:58:22.000000,2026-04-24T18:13:57.249000,2026-04-24,2026,4,Y,31657,FENGYUN 1C DEB,DEBRIS,SMALL,56158,OBJECT B,UNKNOWN,LARGE,979.0,979000.0,0.00017374,-3.7601,False
1448565153,2026-04-23 00:27:20.000000,2026-04-24T18:13:57.256000,2026-04-24,2026,4,Y,31657,FENGYUN 1C DEB,DEBRIS,SMALL,56158,OBJECT B,UNKNOWN,LARGE,796.0,796000.0,0.0001224101,-3.9122,False
1447862418,2026-04-22 12:45:32.000000,2026-04-24T18:13:57.261000,2026-04-24,2026,4,Y,31657,FENGYUN 1C DEB,DEBRIS,SMALL,56158,OBJECT B,UNKNOWN,LARGE,834.0,834000.0,0.0001046362,-3.9803,False
1451041934,2026-04-24 12:05:10.000000,2026-04-24T20:49:09.993000,2026-04-24,2026,4,Y,36272,FENGYUN 1C DEB,DEBRIS,SMALL,32315,FENGYUN 1C DEB,DEBRIS,SMALL,46.0,46000.0,0.0001355939,-3.8678,True
1451585322,2026-04-24 21:55:10.000000,2026-04-24T20:49:09.994000,2026-04-24,2026,4,Y,36272,FENGYUN 1C DEB,DEBRIS,SMALL,32315,FENGYUN 1C DEB,DEBRIS,SMALL,47.0,47000.0,0.0001376893,-3.8611,True
1449937352,2026-04-23 22:22:13.000000,2026-04-24T20:49:09.996000,2026-04-24,2026,4,Y,36272,FENGYUN 1C DEB,DEBRIS,SMALL,32315,FENGYUN 1C DEB,DEBRIS,SMALL,58.0,58000.0,0.0001385904,-3.8583,True
1448992470,2026-04-23 04:47:43.000000,2026-04-24T20:49:09.998000,2026-04-24,2026,4,Y,36272,FENGYUN 1C DEB,DEBRIS,SMALL,32315,FENGYUN 1C DEB,DEBRIS,SMALL,53.0,53000.0,0.0001170991,-3.9314,True
1449486471,2026-04-23 12:00:19.000000,2026-04-24T20:49:10.000000,2026-04-24,2026,4,Y,36272,FENGYUN 1C DEB,DEBRIS,SMALL,32315,FENGYUN 1C DEB,DEBRIS,SMALL,67.0,67000.0,0.000127625,-3.8941,True
1451585295,2026-04-24 21:55:08.000000,2026-04-25T03:51:41.952000,2026-04-25,2026,4,Y,36255,FENGYUN 1C DEB,DEBRIS,,22080,COSMOS 2208,PAYLOAD,LARGE,537.0,537000.0,0.0001392052,-3.8563,False
1451041904,2026-04-24 12:05:12.000000,2026-04-25T03:51:41.954000,2026-04-25,2026,4,Y,36255,FENGYUN 1C DEB,DEBRIS,,22080,COSMOS 2208,PAYLOAD,LARGE,563.0,563000.0,0.0001376039,-3.8614,False
1449937321,2026-04-23 22:22:10.000000,2026-04-25T03:51:41.963000,2026-04-25,2026,4,Y,36255,FENGYUN 1C DEB,DEBRIS,,22080,COSMOS 2208,PAYLOAD,LARGE,499.0,499000.0,0.0001983238,-3.7026,False
1448992444,2026-04-23 04:47:45.000000,2026-04-25T03:51:41.966000,2026-04-25,2026,4,Y,36255,FENGYUN 1C DEB,DEBRIS,,22080,COSMOS 2208,PAYLOAD,LARGE,424.0,424000.0,0.0001105913,-3.9563,False
1449486445,2026-04-23 12:00:19.000000,2026-04-25T03:51:41.975000,2026-04-25,2026,4,Y,36255,FENGYUN 1C DEB,DEBRIS,,22080,COSMOS 2208,PAYLOAD,LARGE,371.0,371000.0,0.0001454791,-3.8372,False
1451876793,2026-04-25 04:31:46.000000,2026-04-25T10:08:37.710000,2026-04-25,2026,4,Y,31826,FENGYUN 1C DEB,DEBRIS,SMALL,41289,NOAA 16 DEB,DEBRIS,SMALL,194.0,194000.0,0.0001534508,-3.814,False
1451845784,2026-04-25 04:27:47.000000,2026-04-25T10:37:55.789000,2026-04-25,2026,4,Y,31510,FENGYUN 1C DEB,DEBRIS,SMALL,54473,CZ-6A DEB,DEBRIS,MEDIUM,45.0,45000.0,0.0002267603,-3.6444,False
1451071072,2026-04-24 12:09:46.000000,2026-04-25T10:37:55.794000,2026-04-25,2026,4,Y,31510,FENGYUN 1C DEB,DEBRIS,SMALL,54473,CZ-6A DEB,DEBRIS,MEDIUM,65.0,65000.0,0.0002188475,-3.6599,False
1451565594,2026-04-24 22:00:36.000000,2026-04-25T10:37:55.796000,2026-04-25,2026,4,Y,31510,FENGYUN 1C DEB,DEBRIS,SMALL,54473,CZ-6A DEB,DEBRIS,MEDIUM,37.0,37000.0,0.0002316688,-3.6351,False
1449957262,2026-04-23 22:26:43.000000,2026-04-25T10:37:55.805000,2026-04-25,2026,4,Y,31510,FENGYUN 1C DEB,DEBRIS,SMALL,54473,CZ-6A DEB,DEBRIS,MEDIUM,34.0,34000.0,0.0002128786,-3.6719,False
1449002786,2026-04-23 04:52:26.000000,2026-04-25T10:37:55.809000,2026-04-25,2026,4,Y,31510,FENGYUN 1C DEB,DEBRIS,SMALL,54473,CZ-6A DEB,DEBRIS,MEDIUM,39.0,39000.0,0.0001240907,-3.9063,False
1448611470,2026-04-23 00:40:09.000000,2026-04-25T10:37:55.810000,2026-04-25,2026,4,Y,31510,FENGYUN 1C DEB,DEBRIS,SMALL,54473,CZ-6A DEB,DEBRIS,MEDIUM,29.0,29000.0,0.000127303,-3.8952,False
1449479683,2026-04-23 11:58:18.000000,2026-04-25T10:37:55.813000,2026-04-25,2026,4,Y,31510,FENGYUN 1C DEB,DEBRIS,SMALL,54473,CZ-6A DEB,DEBRIS,MEDIUM,57.0,57000.0,0.0001436614,-3.8427,False
1451858313,2026-04-25 04:29:44.000000,2026-04-25T14:50:14.363000,2026-04-25,2026,4,Y,31844,FENGYUN 1C DEB,DEBRIS,SMALL,36860,METEOR 2-8 DEB,DEBRIS,SMALL,69.0,69000.0,0.0001205339,-3.9189,False
1451043001,2026-04-24 12:05:21.000000,2026-04-25T14:50:14.375000,2026-04-25,2026,4,Y,31844,FENGYUN 1C DEB,DEBRIS,SMALL,36860,METEOR 2-8 DEB,DEBRIS,SMALL,74.0,74000.0,0.0001004591,-3.998,False
1448565609,2026-04-23 00:27:37.000000,2026-04-25T14:50:14.435000,2026-04-25,2026,4,Y,31844,FENGYUN 1C DEB,DEBRIS,SMALL,36860,METEOR 2-8 DEB,DEBRIS,SMALL,99.0,99000.0,0.0001284054,-3.8914,False
1451032036,2026-04-24 12:03:40.000000,2026-04-25T23:55:39.391000,2026-04-25,2026,4,Y,29947,FENGYUN 1C DEB,DEBRIS,SMALL,20480,JAS 1B (FUJI 2),PAYLOAD,MEDIUM,216.0,216000.0,0.0001116073,-3.9523,False
1450761640,2026-04-24 08:32:23.000000,2026-04-25T23:55:39.392000,2026-04-25,2026,4,Y,29947,FENGYUN 1C DEB,DEBRIS,SMALL,20480,JAS 1B (FUJI 2),PAYLOAD,MEDIUM,215.0,215000.0,0.0002154268,-3.6667,False
1449906778,2026-04-23 22:20:35.000000,2026-04-25T23:55:39.394000,2026-04-25,2026,4,Y,29947,FENGYUN 1C DEB,DEBRIS,SMALL,20480,JAS 1B (FUJI 2),PAYLOAD,MEDIUM,235.0,235000.0,0.0002932073,-3.5328,False
1449476373,2026-04-23 11:57:30.000000,2026-04-25T23:55:39.397000,2026-04-25,2026,4,Y,29947,FENGYUN 1C DEB,DEBRIS,SMALL,20480,JAS 1B (FUJI 2),PAYLOAD,MEDIUM,233.0,233000.0,0.0008130796,-3.0899,False
1449031360,2026-04-23 04:45:57.000000,2026-04-25T23:55:39.398000,2026-04-25,2026,4,Y,29947,FENGYUN 1C DEB,DEBRIS,SMALL,20480,JAS 1B (FUJI 2),PAYLOAD,MEDIUM,201.0,201000.0,0.001428209,-2.8452,False
1448561363,2026-04-23 00:26:29.000000,2026-04-25T23:55:39.399000,2026-04-25,2026,4,Y,29947,FENGYUN 1C DEB,DEBRIS,SMALL,20480,JAS 1B (FUJI 2),PAYLOAD,MEDIUM,221.0,221000.0,0.001095781,-2.9603,False
1452327878,2026-04-25 12:05:56.000000,2026-04-26T11:23:44.537000,2026-04-26,2026,4,Y,30088,FENGYUN 1C DEB,DEBRIS,SMALL,416,THOR ABLESTAR DEB,DEBRIS,SMALL,220.0,220000.0,0.0001585993,-3.7997,False
1450761910,2026-04-24 08:32:26.000000,2026-04-26T11:23:44.570000,2026-04-26,2026,4,Y,30088,FENGYUN 1C DEB,DEBRIS,SMALL,416,THOR ABLESTAR DEB,DEBRIS,SMALL,135.0,135000.0,0.0003942235,-3.4043,False
1451842621,2026-04-25 04:27:05.000000,2026-04-26T11:23:44.576000,2026-04-26,2026,4,Y,30088,FENGYUN 1C DEB,DEBRIS,SMALL,416,THOR ABLESTAR DEB,DEBRIS,SMALL,270.0,270000.0,0.0002192144,-3.6591,False
1451032301,2026-04-24 12:03:41.000000,2026-04-26T11:23:44.578000,2026-04-26,2026,4,Y,30088,FENGYUN 1C DEB,DEBRIS,SMALL,416,THOR ABLESTAR DEB,DEBRIS,SMALL,260.0,260000.0,0.0003072112,-3.5126,False
1451574782,2026-04-24 21:53:09.000000,2026-04-26T11:23:44.582000,2026-04-26,2026,4,Y,30088,FENGYUN 1C DEB,DEBRIS,SMALL,416,THOR ABLESTAR DEB,DEBRIS,SMALL,279.0,279000.0,0.0002645438,-3.5775,False
1449907077,2026-04-23 22:20:35.000000,2026-04-26T11:23:44.592000,2026-04-26,2026,4,Y,30088,FENGYUN 1C DEB,DEBRIS,SMALL,416,THOR ABLESTAR DEB,DEBRIS,SMALL,180.0,180000.0,0.0003338841,-3.4764,False
1449476635,2026-04-23 11:57:35.000000,2026-04-26T11:23:44.598000,2026-04-26,2026,4,Y,30088,FENGYUN 1C DEB,DEBRIS,SMALL,416,THOR ABLESTAR DEB,DEBRIS,SMALL,190.0,190000.0,0.0002541049,-3.595,False
1453921604,2026-04-26 12:13:06.000000,2026-04-26T12:29:03.756000,2026-04-26,2026,4,Y,31949,FENGYUN 1C DEB,DEBRIS,SMALL,39639,COSMOS 1867 COOLANT,DEBRIS,SMALL,91.0,91000.0,0.0001704532,-3.7684,False
1453395281,2026-04-26 04:47:43.000000,2026-04-26T12:29:03.759000,2026-04-26,2026,4,Y,31949,FENGYUN 1C DEB,DEBRIS,SMALL,39639,COSMOS 1867 COOLANT,DEBRIS,SMALL,88.0,88000.0,0.0001674796,-3.776,False
1452963846,2026-04-25 21:47:13.000000,2026-04-26T12:29:03.764000,2026-04-26,2026,4,Y,31949,FENGYUN 1C DEB,DEBRIS,SMALL,39639,COSMOS 1867 COOLANT,DEBRIS,SMALL,108.0,108000.0,0.0001724617,-3.7633,False
1451863545,2026-04-25 04:31:00.000000,2026-04-26T12:29:03.776000,2026-04-26,2026,4,Y,31949,FENGYUN 1C DEB,DEBRIS,SMALL,39639,COSMOS 1867 COOLANT,DEBRIS,SMALL,128.0,128000.0,0.0001433689,-3.8435,False
1451579201,2026-04-24 21:53:57.000000,2026-04-26T12:29:03.783000,2026-04-26,2026,4,Y,31949,FENGYUN 1C DEB,DEBRIS,SMALL,39639,COSMOS 1867 COOLANT,DEBRIS,SMALL,174.0,174000.0,0.0001188521,-3.925,False
1449908997,2026-04-23 22:20:56.000000,2026-04-26T19:12:42.970000,2026-04-26,2026,4,Y,31026,FENGYUN 1C DEB,DEBRIS,SMALL,21835,MAGION 3,PAYLOAD,MEDIUM,355.0,355000.0,0.0003588257,-3.4451,False
1451857215,2026-04-25 04:29:30.000000,2026-04-26T19:33:19.573000,2026-04-26,2026,4,Y,36273,FENGYUN 1C DEB,DEBRIS,SMALL,26132,CZ-4 DEB,DEBRIS,SMALL,30.0,30000.0,0.0001089294,-3.9629,False
1454467308,2026-04-26 21:51:01.000000,2026-04-27T01:03:42.598000,2026-04-27,2026,4,Y,31333,FENGYUN 1C DEB,DEBRIS,SMALL,37863,COSMOS 1331 DEB,DEBRIS,SMALL,73.0,73000.0,0.0004421817,-3.3544,False
1453907579,2026-04-26 12:11:10.000000,2026-04-27T12:36:24.081000,2026-04-27,2026,4,Y,31053,FENGYUN 1C DEB,DEBRIS,SMALL,10621,COSMOS 839 DEB,DEBRIS,MEDIUM,120.0,120000.0,0.0001674783,-3.776,False
1454433189,2026-04-26 21:44:22.000000,2026-04-27T12:36:24.084000,2026-04-27,2026,4,Y,31053,FENGYUN 1C DEB,DEBRIS,SMALL,10621,COSMOS 839 DEB,DEBRIS,MEDIUM,99.0,99000.0,0.0001969441,-3.7057,False
1454854993,2026-04-27 05:10:14.000000,2026-04-27T12:36:24.089000,2026-04-27,2026,4,Y,31053,FENGYUN 1C DEB,DEBRIS,SMALL,10621,COSMOS 839 DEB,DEBRIS,MEDIUM,62.0,62000.0,0.0002287388,-3.6407,False
1452329736,2026-04-25 12:06:18.000000,2026-04-27T12:36:24.114000,2026-04-27,2026,4,Y,31053,FENGYUN 1C DEB,DEBRIS,SMALL,10621,COSMOS 839 DEB,DEBRIS,MEDIUM,166.0,166000.0,0.0001086515,-3.964,False
1452961518,2026-04-25 21:46:53.000000,2026-04-27T12:36:24.156000,2026-04-27,2026,4,Y,31053,FENGYUN 1C DEB,DEBRIS,SMALL,10621,COSMOS 839 DEB,DEBRIS,MEDIUM,62.0,62000.0,0.0001600317,-3.7958,False
1453907625,2026-04-26 12:11:11.000000,2026-04-27T12:44:10.430000,2026-04-27,2026,4,Y,31088,FENGYUN 1C DEB,DEBRIS,SMALL,16682,SL-8 R/B,ROCKET BODY,LARGE,146.0,146000.0,0.0004785279,-3.3201,False
1454435309,2026-04-26 21:46:26.000000,2026-04-27T12:44:10.440000,2026-04-27,2026,4,Y,31088,FENGYUN 1C DEB,DEBRIS,SMALL,16682,SL-8 R/B,ROCKET BODY,LARGE,170.0,170000.0,0.000326442,-3.4862,False
1452329797,2026-04-25 12:06:17.000000,2026-04-27T12:44:10.491000,2026-04-27,2026,4,Y,31088,FENGYUN 1C DEB,DEBRIS,SMALL,16682,SL-8 R/B,ROCKET BODY,LARGE,286.0,286000.0,0.0002378213,-3.6237,False
1453914770,2026-04-26 12:12:09.000000,2026-04-27T13:59:27.300000,2026-04-27,2026,4,Y,31627,FENGYUN 1C DEB,DEBRIS,SMALL,35846,IRIDIUM 33 DEB,DEBRIS,SMALL,157.0,157000.0,0.0001374404,-3.8619,False
1452336808,2026-04-25 12:07:35.000000,2026-04-27T13:59:27.303000,2026-04-27,2026,4,Y,31627,FENGYUN 1C DEB,DEBRIS,SMALL,35846,IRIDIUM 33 DEB,DEBRIS,SMALL,143.0,143000.0,0.0001036011,-3.9846,False
1454464107,2026-04-26 21:50:35.000000,2026-04-27T13:59:27.315000,2026-04-27,2026,4,Y,31627,FENGYUN 1C DEB,DEBRIS,SMALL,35846,IRIDIUM 33 DEB,DEBRIS,SMALL,167.0,167000.0,0.0001019213,-3.9917,False
1453388403,2026-04-26 04:46:48.000000,2026-04-27T13:59:27.334000,2026-04-27,2026,4,Y,31627,FENGYUN 1C DEB,DEBRIS,SMALL,35846,IRIDIUM 33 DEB,DEBRIS,SMALL,165.0,165000.0,0.0001151693,-3.9387,False
1453344597,2026-04-26 04:44:06.000000,2026-04-27T16:14:49.281000,2026-04-27,2026,4,Y,31888,FENGYUN 1C DEB,DEBRIS,SMALL,5174,COSMOS 407,PAYLOAD,LARGE,474.0,474000.0,0.000275648,-3.5596,False
1453909542,2026-04-26 12:11:28.000000,2026-04-27T16:14:49.284000,2026-04-27,2026,4,Y,31888,FENGYUN 1C DEB,DEBRIS,SMALL,5174,COSMOS 407,PAYLOAD,LARGE,94.0,94000.0,0.0004302842,-3.3662,False
1454431928,2026-04-26 21:43:18.000000,2026-04-27T16:14:49.295000,2026-04-27,2026,4,Y,31888,FENGYUN 1C DEB,DEBRIS,SMALL,5174,COSMOS 407,PAYLOAD,LARGE,106.0,106000.0,0.0005076605,-3.2944,False
1455318917,2026-04-27 14:48:10.000000,2026-04-27T16:14:49.299000,2026-04-27,2026,4,Y,31888,FENGYUN 1C DEB,DEBRIS,SMALL,5174,COSMOS 407,PAYLOAD,LARGE,117.0,117000.0,0.0006129473,-3.2126,False
1454857194,2026-04-27 05:10:44.000000,2026-04-27T16:14:49.317000,2026-04-27,2026,4,Y,31888,FENGYUN 1C DEB,DEBRIS,SMALL,5174,COSMOS 407,PAYLOAD,LARGE,166.0,166000.0,0.0004088288,-3.3885,False
1452963582,2026-04-25 21:47:10.000000,2026-04-27T16:14:49.391000,2026-04-27,2026,4,Y,31888,FENGYUN 1C DEB,DEBRIS,SMALL,5174,COSMOS 407,PAYLOAD,LARGE,77.0,77000.0,0.0004010024,-3.3969,False
1455354936,2026-04-27 14:54:09.000000,2026-04-28T01:01:24.821000,2026-04-28,2026,4,Y,30151,FENGYUN 1C DEB,DEBRIS,SMALL,54273,CZ-6A DEB,DEBRIS,SMALL,260.0,260000.0,0.0001710541,-3.7669,False
1455925926,2026-04-27 23:04:37.000000,2026-04-28T01:01:24.826000,2026-04-28,2026,4,Y,30151,FENGYUN 1C DEB,DEBRIS,SMALL,54273,CZ-6A DEB,DEBRIS,SMALL,220.0,220000.0,0.0003024712,-3.5193,False
1454485457,2026-04-26 21:55:09.000000,2026-04-28T01:01:24.830000,2026-04-28,2026,4,Y,30151,FENGYUN 1C DEB,DEBRIS,SMALL,54273,CZ-6A DEB,DEBRIS,SMALL,35.0,35000.0,0.000263529,-3.5792,False
1454798484,2026-04-27 05:27:39.000000,2026-04-28T01:01:24.851000,2026-04-28,2026,4,Y,30151,FENGYUN 1C DEB,DEBRIS,SMALL,54273,CZ-6A DEB,DEBRIS,SMALL,155.0,155000.0,0.0003788312,-3.4216,False
1452958877,2026-04-25 21:46:25.000000,2026-04-28T04:21:56.675000,2026-04-28,2026,4,Y,29754,FENGYUN 1C DEB,DEBRIS,SMALL,26069,COSMOS 2369,PAYLOAD,LARGE,253.0,253000.0,0.0002590496,-3.5866,False
1451842045,2026-04-25 04:26:56.000000,2026-04-28T04:21:56.766000,2026-04-28,2026,4,Y,29754,FENGYUN 1C DEB,DEBRIS,SMALL,26069,COSMOS 2369,PAYLOAD,LARGE,102.0,102000.0,0.000237427,-3.6245,False
1455906674,2026-04-27 23:01:19.000000,2026-04-28T07:31:06.003000,2026-04-28,2026,4,Y,29875,FENGYUN 1C DEB,DEBRIS,SMALL,41429,NOAA 16 DEB,DEBRIS,SMALL,236.0,236000.0,0.0001430216,-3.8446,False
1456692565,2026-04-28 06:02:33.000000,2026-04-28T07:31:06.004000,2026-04-28,2026,4,Y,29875,FENGYUN 1C DEB,DEBRIS,SMALL,41429,NOAA 16 DEB,DEBRIS,SMALL,217.0,217000.0,0.0001616792,-3.7913,False
1456673633,2026-04-28 05:56:20.000000,2026-04-28T23:53:59.494000,2026-04-28,2026,4,Y,31222,FENGYUN 1C DEB,DEBRIS,SMALL,62730,OBJECT B,UNKNOWN,MEDIUM,344.0,344000.0,0.000481627,-3.3173,False
1455317110,2026-04-27 14:47:55.000000,2026-04-28T23:53:59.534000,2026-04-28,2026,4,Y,31222,FENGYUN 1C DEB,DEBRIS,SMALL,62730,OBJECT B,UNKNOWN,MEDIUM,100.0,100000.0,0.0003617131,-3.4416,False
1457684974,2026-04-28 22:29:04.000000,2026-04-28T23:53:59.596000,2026-04-28,2026,4,Y,31222,FENGYUN 1C DEB,DEBRIS,SMALL,62730,OBJECT B,UNKNOWN,MEDIUM,260.0,260000.0,0.0005419816,-3.266,False
1454855340,2026-04-27 05:10:17.000000,2026-04-28T23:53:59.704000,2026-04-28,2026,4,Y,31222,FENGYUN 1C DEB,DEBRIS,SMALL,62730,OBJECT B,UNKNOWN,MEDIUM,692.0,692000.0,0.0001712329,-3.7664,False
1453905285,2026-04-26 12:10:53.000000,2026-04-29T05:00:02.713000,2026-04-29,2026,4,Y,29850,FENGYUN 1C DEB,DEBRIS,SMALL,3271,THOR BURNER 2 R/B,ROCKET BODY,LARGE,864.0,864000.0,0.0002245296,-3.6487,False
1454431027,2026-04-26 21:43:03.000000,2026-04-29T05:00:02.726000,2026-04-29,2026,4,Y,29850,FENGYUN 1C DEB,DEBRIS,SMALL,3271,THOR BURNER 2 R/B,ROCKET BODY,LARGE,988.0,988000.0,0.0002160574,-3.6654,False
1454859111,2026-04-27 05:11:20.000000,2026-04-29T09:41:22.117000,2026-04-29,2026,4,Y,33682,FENGYUN 1C DEB,DEBRIS,SMALL,8343,COSMOS 773,PAYLOAD,LARGE,975.0,975000.0,0.0003557953,-3.4488,False
1458149691,2026-04-29 05:28:31.000000,2026-04-29T23:00:36.887000,2026-04-29,2026,4,Y,33684,FENGYUN 1C DEB,DEBRIS,SMALL,25482,ORBCOMM FM 28,PAYLOAD,MEDIUM,738.0,738000.0,0.0004585422,-3.3386,False
1457688920,2026-04-28 22:29:32.000000,2026-04-29T23:00:36.888000,2026-04-29,2026,4,Y,33684,FENGYUN 1C DEB,DEBRIS,SMALL,25482,ORBCOMM FM 28,PAYLOAD,MEDIUM,730.0,730000.0,0.0004744783,-3.3238,False
1458700912,2026-04-29 12:44:59.000000,2026-04-29T23:00:36.905000,2026-04-29,2026,4,Y,33684,FENGYUN 1C DEB,DEBRIS,SMALL,25482,ORBCOMM FM 28,PAYLOAD,MEDIUM,859.0,859000.0,0.0001190601,-3.9242,False
1459241881,2026-04-29 21:53:10.000000,2026-04-30T07:53:00.901000,2026-04-30,2026,4,Y,30756,FENGYUN 1C DEB,DEBRIS,SMALL,82873,UNKNOWN,UNKNOWN,SMALL,224.0,224000.0,0.000123351,-3.9089,False
1456672345,2026-04-28 05:55:57.000000,2026-04-30T12:10:29.417000,2026-04-30,2026,4,Y,30677,FENGYUN 1C DEB,DEBRIS,SMALL,24921,PEGASUS R/B,ROCKET BODY,LARGE,670.0,670000.0,0.0001682455,-3.7741,False
1455871980,2026-04-27 22:56:10.000000,2026-04-30T14:35:01.607000,2026-04-30,2026,4,Y,30067,FENGYUN 1C DEB,DEBRIS,SMALL,5560,ASTEX 1,PAYLOAD,LARGE,225.0,225000.0,0.003668842,-2.4355,False
1456670923,2026-04-28 05:55:35.000000,2026-04-30T14:35:01.611000,2026-04-30,2026,4,Y,30067,FENGYUN 1C DEB,DEBRIS,SMALL,5560,ASTEX 1,PAYLOAD,LARGE,247.0,247000.0,0.002173409,-2.6629,False
1455314708,2026-04-27 14:47:33.000000,2026-04-30T14:35:01.636000,2026-04-30,2026,4,Y,30067,FENGYUN 1C DEB,DEBRIS,SMALL,5560,ASTEX 1,PAYLOAD,LARGE,167.0,167000.0,0.00295393,-2.5296,False
1457094639,2026-04-28 12:39:38.000000,2026-04-30T14:35:01.668000,2026-04-30,2026,4,Y,30067,FENGYUN 1C DEB,DEBRIS,SMALL,5560,ASTEX 1,PAYLOAD,LARGE,130.0,130000.0,0.003150328,-2.5016,False
1459794653,2026-04-30 05:23:00.000000,2026-04-30T14:35:01.692000,2026-04-30,2026,4,Y,30067,FENGYUN 1C DEB,DEBRIS,SMALL,5560,ASTEX 1,PAYLOAD,LARGE,44.0,44000.0,0.0213222,-1.6712,False
1457682107,2026-04-28 22:28:40.000000,2026-04-30T14:35:01.694000,2026-04-30,2026,4,Y,30067,FENGYUN 1C DEB,DEBRIS,SMALL,5560,ASTEX 1,PAYLOAD,LARGE,74.0,74000.0,0.007689999,-2.1141,False
1458142354,2026-04-29 05:27:02.000000,2026-04-30T14:35:01.695000,2026-04-30,2026,4,Y,30067,FENGYUN 1C DEB,DEBRIS,SMALL,5560,ASTEX 1,PAYLOAD,LARGE,65.0,65000.0,0.01686775,-1.7729,False
1460420158,2026-04-30 12:09:10.000000,2026-04-30T14:35:01.696000,2026-04-30,2026,4,Y,30067,FENGYUN 1C DEB,DEBRIS,SMALL,5560,ASTEX 1,PAYLOAD,LARGE,41.0,41000.0,0.007967351,-2.0987,False
1459240176,2026-04-29 21:52:53.000000,2026-04-30T14:35:01.700000,2026-04-30,2026,4,Y,30067,FENGYUN 1C DEB,DEBRIS,SMALL,5560,ASTEX 1,PAYLOAD,LARGE,37.0,37000.0,0.03430419,-1.4647,False
1458693506,2026-04-29 12:44:02.000000,2026-04-30T14:35:01.715000,2026-04-30,2026,4,Y,30067,FENGYUN 1C DEB,DEBRIS,SMALL,5560,ASTEX 1,PAYLOAD,LARGE,15.0,15000.0,0.03179435,-1.4977,False
1456681291,2026-04-28 05:58:29.000000,2026-04-30T20:43:42.688000,2026-04-30,2026,4,Y,30731,FENGYUN 1C DEB,DEBRIS,SMALL,35724,COSMOS 2251 DEB,DEBRIS,SMALL,174.0,174000.0,0.0001171659,-3.9312,False
1458147166,2026-04-29 05:28:07.000000,2026-04-30T21:59:19.606000,2026-04-30,2026,4,Y,31903,FENGYUN 1C DEB,DEBRIS,SMALL,31834,FENGYUN 1C DEB,DEBRIS,SMALL,368.0,368000.0,0.0001202859,-3.9198,True
1457687045,2026-04-28 22:29:17.000000,2026-04-30T21:59:19.610000,2026-04-30,2026,4,Y,31903,FENGYUN 1C DEB,DEBRIS,SMALL,31834,FENGYUN 1C DEB,DEBRIS,SMALL,310.0,310000.0,0.0001464243,-3.8344,True
1459245102,2026-04-29 21:53:40.000000,2026-04-30T21:59:19.646000,2026-04-30,2026,4,Y,31903,FENGYUN 1C DEB,DEBRIS,SMALL,31834,FENGYUN 1C DEB,DEBRIS,SMALL,250.0,250000.0,0.0001739173,-3.7597,True
1460428357,2026-04-30 12:11:07.000000,2026-05-01T01:39:48.307000,2026-05-01,2026,5,Y,31217,FENGYUN 1C DEB,DEBRIS,SMALL,34732,COSMOS 2251 DEB,DEBRIS,SMALL,57.0,57000.0,0.0001937688,-3.7127,False
1461459302,2026-05-01 01:04:26.000000,2026-05-01T02:44:54.359000,2026-05-01,2026,5,Y,32156,FENGYUN 1C DEB,DEBRIS,SMALL,12792,SL-8 R/B,ROCKET BODY,LARGE,81.0,81000.0,0.002870185,-2.5421,False
1460425079,2026-04-30 12:10:20.000000,2026-05-01T02:44:54.361000,2026-05-01,2026,5,Y,32156,FENGYUN 1C DEB,DEBRIS,SMALL,12792,SL-8 R/B,ROCKET BODY,LARGE,91.0,91000.0,0.001962209,-2.7073,False
1456701928,2026-04-28 06:09:47.000000,2026-05-01T04:38:19.485000,2026-05-01,2026,5,Y,31201,FENGYUN 1C DEB,DEBRIS,SMALL,54510,CZ-6A DEB,DEBRIS,SMALL,281.0,281000.0,0.0001436275,-3.8428,False
1462001170,2026-05-01 08:47:17.000000,2026-05-01T15:40:07.360000,2026-05-01,2026,5,Y,32106,FENGYUN 1C DEB,DEBRIS,SMALL,60641,CZ-6A DEB,DEBRIS,MEDIUM,83.0,83000.0,0.0002347741,-3.6293,False
1462351470,2026-05-01 12:49:27.000000,2026-05-01T15:40:07.361000,2026-05-01,2026,5,Y,32106,FENGYUN 1C DEB,DEBRIS,SMALL,60641,CZ-6A DEB,DEBRIS,MEDIUM,81.0,81000.0,0.0002371311,-3.625,False
1461492400,2026-05-01 01:23:40.000000,2026-05-01T15:40:07.408000,2026-05-01,2026,5,Y,32106,FENGYUN 1C DEB,DEBRIS,SMALL,60641,CZ-6A DEB,DEBRIS,MEDIUM,38.0,38000.0,0.0002306063,-3.6371,False
1459249702,2026-04-29 21:54:18.000000,2026-05-01T17:32:52.225000,2026-05-01,2026,5,Y,35210,FENGYUN 1C DEB,DEBRIS,SMALL,82820,UNKNOWN,UNKNOWN,SMALL,330.0,330000.0,0.0001277226,-3.8937,False
1457691747,2026-04-28 22:29:54.000000,2026-05-01T17:32:52.232000,2026-05-01,2026,5,Y,35210,FENGYUN 1C DEB,DEBRIS,SMALL,82820,UNKNOWN,UNKNOWN,SMALL,422.0,422000.0,0.0001180368,-3.928,False
1462287187,2026-05-01 12:35:39.000000,2026-05-02T07:27:02.700000,2026-05-02,2026,5,Y,35160,FENGYUN 1C DEB,DEBRIS,SMALL,35885,COSMOS 2251 DEB,DEBRIS,SMALL,21.0,21000.0,0.0009810373,-3.0083,False
1459251117,2026-04-29 21:54:33.000000,2026-05-02T07:27:02.702000,2026-05-02,2026,5,Y,35160,FENGYUN 1C DEB,DEBRIS,SMALL,35885,COSMOS 2251 DEB,DEBRIS,SMALL,149.0,149000.0,0.0001820937,-3.7397,False
1461464816,2026-05-01 01:05:39.000000,2026-05-02T07:27:02.723000,2026-05-02,2026,5,Y,35160,FENGYUN 1C DEB,DEBRIS,SMALL,35885,COSMOS 2251 DEB,DEBRIS,SMALL,12.0,12000.0,0.0009393277,-3.0272,False
1459805900,2026-04-30 05:25:10.000000,2026-05-02T07:27:02.724000,2026-05-02,2026,5,Y,35160,FENGYUN 1C DEB,DEBRIS,SMALL,35885,COSMOS 2251 DEB,DEBRIS,SMALL,35.0,35000.0,0.000492339,-3.3077,False
1463705436,2026-05-02 05:29:52.000000,2026-05-02T07:27:02.735000,2026-05-02,2026,5,Y,35160,FENGYUN 1C DEB,DEBRIS,SMALL,35885,COSMOS 2251 DEB,DEBRIS,SMALL,92.0,92000.0,0.0003992846,-3.3987,False
1460430424,2026-04-30 12:11:36.000000,2026-05-02T07:27:02.774000,2026-05-02,2026,5,Y,35160,FENGYUN 1C DEB,DEBRIS,SMALL,35885,COSMOS 2251 DEB,DEBRIS,SMALL,32.0,32000.0,0.0005763996,-3.2393,False
1462276784,2026-05-01 12:33:22.000000,2026-05-02T14:03:48.930000,2026-05-02,2026,5,Y,29899,FENGYUN 1C DEB,DEBRIS,SMALL,29770,FENGYUN 1C DEB,DEBRIS,SMALL,535.0,535000.0,0.0001056695,-3.9761,True
1461915702,2026-05-01 08:32:26.000000,2026-05-02T14:32:01.520000,2026-05-02,2026,5,Y,35105,FENGYUN 1C DEB,DEBRIS,,13648,COSMOS 1420,PAYLOAD,LARGE,148.0,148000.0,0.0007666168,-3.1154,False
1462285693,2026-05-01 12:35:18.000000,2026-05-02T14:32:01.522000,2026-05-02,2026,5,Y,35105,FENGYUN 1C DEB,DEBRIS,,13648,COSMOS 1420,PAYLOAD,LARGE,141.0,141000.0,0.0008032983,-3.0951,False
1459804317,2026-04-30 05:24:56.000000,2026-05-02T14:32:01.537000,2026-05-02,2026,5,Y,35105,FENGYUN 1C DEB,DEBRIS,,13648,COSMOS 1420,PAYLOAD,LARGE,158.0,158000.0,0.0003728032,-3.4285,False
1459249505,2026-04-29 21:54:19.000000,2026-05-02T14:32:01.555000,2026-05-02,2026,5,Y,35105,FENGYUN 1C DEB,DEBRIS,,13648,COSMOS 1420,PAYLOAD,LARGE,197.0,197000.0,0.0003074596,-3.5122,False
1461463165,2026-05-01 01:05:17.000000,2026-05-02T14:32:01.556000,2026-05-02,2026,5,Y,35105,FENGYUN 1C DEB,DEBRIS,,13648,COSMOS 1420,PAYLOAD,LARGE,249.0,249000.0,0.000407408,-3.39,False
1464144238,2026-05-02 13:38:14.000000,2026-05-02T14:32:01.559000,2026-05-02,2026,5,Y,35105,FENGYUN 1C DEB,DEBRIS,,13648,COSMOS 1420,PAYLOAD,LARGE,235.0,235000.0,0.0001920685,-3.7165,False
1463010774,2026-05-01 23:07:15.000000,2026-05-02T14:32:01.567000,2026-05-02,2026,5,Y,35105,FENGYUN 1C DEB,DEBRIS,,13648,COSMOS 1420,PAYLOAD,LARGE,262.0,262000.0,0.0001185586,-3.9261,False
1463703888,2026-05-02 05:29:43.000000,2026-05-02T14:32:01.568000,2026-05-02,2026,5,Y,35105,FENGYUN 1C DEB,DEBRIS,,13648,COSMOS 1420,PAYLOAD,LARGE,262.0,262000.0,0.0001165599,-3.9335,False
1464282368,2026-05-02 13:37:20.000000,2026-05-02T16:50:45.763000,2026-05-02,2026,5,Y,31667,FENGYUN 1C DEB,DEBRIS,SMALL,27422,IDEFIX/ARIANE 42P,PAYLOAD,LARGE,265.0,265000.0,0.0001267879,-3.8969,False
1463698891,2026-05-02 05:29:05.000000,2026-05-02T16:50:45.767000,2026-05-02,2026,5,Y,31667,FENGYUN 1C DEB,DEBRIS,SMALL,27422,IDEFIX/ARIANE 42P,PAYLOAD,LARGE,263.0,263000.0,0.0001428342,-3.8452,False
1460424071,2026-04-30 12:10:04.000000,2026-05-02T16:50:45.782000,2026-05-02,2026,5,Y,31667,FENGYUN 1C DEB,DEBRIS,SMALL,27422,IDEFIX/ARIANE 42P,PAYLOAD,LARGE,281.0,281000.0,0.0001004054,-3.9982,False
1459797463,2026-04-30 05:23:37.000000,2026-05-02T21:11:41.998000,2026-05-02,2026,5,Y,31240,FENGYUN 1C DEB,DEBRIS,SMALL,6256,METEOR 1-13,PAYLOAD,LARGE,690.0,690000.0,0.000126506,-3.8979,False
1459243109,2026-04-29 21:53:20.000000,2026-05-02T21:11:42.008000,2026-05-02,2026,5,Y,31240,FENGYUN 1C DEB,DEBRIS,SMALL,6256,METEOR 1-13,PAYLOAD,LARGE,780.0,780000.0,0.0001120172,-3.9507,False
1461997905,2026-05-01 08:46:28.000000,2026-05-02T22:19:04.532000,2026-05-02,2026,5,Y,35090,FENGYUN 1C DEB,DEBRIS,SMALL,60397,CZ-6A R/B,ROCKET BODY,LARGE,464.0,464000.0,0.0001598413,-3.7963,False
1462348324,2026-05-01 12:48:49.000000,2026-05-02T22:19:04.533000,2026-05-02,2026,5,Y,35090,FENGYUN 1C DEB,DEBRIS,SMALL,60397,CZ-6A R/B,ROCKET BODY,LARGE,472.0,472000.0,0.000156015,-3.8068,False
1459866973,2026-04-30 05:34:52.000000,2026-05-02T22:19:04.585000,2026-05-02,2026,5,Y,35090,FENGYUN 1C DEB,DEBRIS,SMALL,60397,CZ-6A R/B,ROCKET BODY,LARGE,200.0,200000.0,0.0001389851,-3.857,False
1464207793,2026-05-02 14:00:01.000000,2026-05-02T22:19:04.607000,2026-05-02,2026,5,Y,35090,FENGYUN 1C DEB,DEBRIS,SMALL,60397,CZ-6A R/B,ROCKET BODY,LARGE,138.0,138000.0,0.0005516315,-3.2584,False
1465046878,2026-05-02 22:00:34.000000,2026-05-02T22:19:04.617000,2026-05-02,2026,5,Y,35090,FENGYUN 1C DEB,DEBRIS,SMALL,60397,CZ-6A R/B,ROCKET BODY,LARGE,85.0,85000.0,0.0007323276,-3.1353,False
1461538980,2026-05-01 01:22:54.000000,2026-05-02T22:19:04.618000,2026-05-02,2026,5,Y,35090,FENGYUN 1C DEB,DEBRIS,SMALL,60397,CZ-6A R/B,ROCKET BODY,LARGE,26.0,26000.0,0.0003221594,-3.4919,False
1463085985,2026-05-01 23:19:38.000000,2026-05-02T22:19:04.622000,2026-05-02,2026,5,Y,35090,FENGYUN 1C DEB,DEBRIS,SMALL,60397,CZ-6A R/B,ROCKET BODY,LARGE,24.0,24000.0,0.0007698359,-3.1136,False
1463703875,2026-05-02 05:29:43.000000,2026-05-02T22:19:04.625000,2026-05-02,2026,5,Y,35090,FENGYUN 1C DEB,DEBRIS,SMALL,60397,CZ-6A R/B,ROCKET BODY,LARGE,38.0,38000.0,0.0007769284,-3.1096,False
1460501124,2026-04-30 12:29:52.000000,2026-05-02T22:19:04.636000,2026-05-02,2026,5,Y,35090,FENGYUN 1C DEB,DEBRIS,SMALL,60397,CZ-6A R/B,ROCKET BODY,LARGE,34.0,34000.0,0.00017871,-3.7479,False
1462266088,2026-05-01 12:37:33.000000,2026-05-03T11:27:27.440000,2026-05-03,2026,5,Y,31569,FENGYUN 1C DEB,DEBRIS,SMALL,40450,DMSP 5D-2 F13 DEB,DEBRIS,SMALL,275.0,275000.0,0.0001128112,-3.9476,False
1465663828,2026-05-03 12:09:47.000000,2026-05-03T18:42:58.915000,2026-05-03,2026,5,Y,33690,FENGYUN 1C DEB,DEBRIS,SMALL,33798,COSMOS 2251 DEB,DEBRIS,SMALL,490.0,490000.0,0.0001131197,-3.9465,False
1464731342,2026-05-02 21:49:35.000000,2026-05-03T18:42:58.939000,2026-05-03,2026,5,Y,33690,FENGYUN 1C DEB,DEBRIS,SMALL,33798,COSMOS 2251 DEB,DEBRIS,SMALL,46.0,46000.0,0.000149136,-3.8264,False
1465322387,2026-05-03 04:57:38.000000,2026-05-03T18:42:58.944000,2026-05-03,2026,5,Y,33690,FENGYUN 1C DEB,DEBRIS,SMALL,33798,COSMOS 2251 DEB,DEBRIS,SMALL,113.0,113000.0,0.0001812654,-3.7417,False
1462278960,2026-05-01 12:33:48.000000,2026-05-03T19:01:18.101000,2026-05-03,2026,5,Y,30934,FENGYUN 1C DEB,DEBRIS,SMALL,270373,UNKNOWN,UNKNOWN,SMALL,96.0,96000.0,0.00038009,-3.4201,False
1464280503,2026-05-02 13:37:00.000000,2026-05-03T19:01:18.172000,2026-05-03,2026,5,Y,30934,FENGYUN 1C DEB,DEBRIS,SMALL,270373,UNKNOWN,UNKNOWN,SMALL,328.0,328000.0,0.0001586834,-3.7995,False
1463696923,2026-05-02 05:28:51.000000,2026-05-03T19:01:18.176000,2026-05-03,2026,5,Y,30934,FENGYUN 1C DEB,DEBRIS,SMALL,270373,UNKNOWN,UNKNOWN,SMALL,298.0,298000.0,0.0002872509,-3.5417,False
1461456199,2026-05-01 01:03:45.000000,2026-05-03T19:01:18.182000,2026-05-03,2026,5,Y,30934,FENGYUN 1C DEB,DEBRIS,SMALL,270373,UNKNOWN,UNKNOWN,SMALL,279.0,279000.0,0.0003011609,-3.5212,False
1463003413,2026-05-01 23:09:07.000000,2026-05-03T19:01:18.198000,2026-05-03,2026,5,Y,30934,FENGYUN 1C DEB,DEBRIS,SMALL,270373,UNKNOWN,UNKNOWN,SMALL,447.0,447000.0,0.0002433095,-3.6138,False
1463710419,2026-05-02 05:30:26.000000,2026-05-03T22:43:33.278000,2026-05-03,2026,5,Y,30272,FENGYUN 1C DEB,DEBRIS,SMALL,39119,BLITS DEB,DEBRIS,SMALL,343.0,343000.0,0.0001061461,-3.9741,False
1463001773,2026-05-01 23:08:49.000000,2026-05-03T22:43:33.308000,2026-05-03,2026,5,Y,30272,FENGYUN 1C DEB,DEBRIS,SMALL,39119,BLITS DEB,DEBRIS,SMALL,84.0,84000.0,0.0002036827,-3.691,False
1466728822,2026-05-04 04:53:34.000000,2026-05-04T04:08:00.379000,2026-05-04,2026,5,Y,31888,FENGYUN 1C DEB,DEBRIS,SMALL,31727,FENGYUN 1C DEB,DEBRIS,SMALL,47.0,47000.0,0.0004223939,-3.3743,True
1465698976,2026-05-03 12:08:52.000000,2026-05-04T05:11:32.252000,2026-05-04,2026,5,Y,31261,FENGYUN 1C DEB,DEBRIS,SMALL,20443,ARIANE 40 R/B,ROCKET BODY,LARGE,194.0,194000.0,0.001343956,-2.8716,False
1465318318,2026-05-03 04:57:03.000000,2026-05-04T05:11:32.268000,2026-05-04,2026,5,Y,31261,FENGYUN 1C DEB,DEBRIS,SMALL,20443,ARIANE 40 R/B,ROCKET BODY,LARGE,44.0,44000.0,0.001291868,-2.8888,False
1464281153,2026-05-02 13:37:10.000000,2026-05-04T05:11:32.275000,2026-05-04,2026,5,Y,31261,FENGYUN 1C DEB,DEBRIS,SMALL,20443,ARIANE 40 R/B,ROCKET BODY,LARGE,26.0,26000.0,0.0005401513,-3.2675,False
1464717220,2026-05-02 21:48:52.000000,2026-05-04T05:11:32.292000,2026-05-04,2026,5,Y,31261,FENGYUN 1C DEB,DEBRIS,SMALL,20443,ARIANE 40 R/B,ROCKET BODY,LARGE,144.0,144000.0,0.0006278163,-3.2022,False
1463004133,2026-05-01 23:09:15.000000,2026-05-04T05:11:32.321000,2026-05-04,2026,5,Y,31261,FENGYUN 1C DEB,DEBRIS,SMALL,20443,ARIANE 40 R/B,ROCKET BODY,LARGE,351.0,351000.0,0.0004352856,-3.3612,False
1463697615,2026-05-02 05:28:56.000000,2026-05-04T05:11:32.323000,2026-05-04,2026,5,Y,31261,FENGYUN 1C DEB,DEBRIS,SMALL,20443,ARIANE 40 R/B,ROCKET BODY,LARGE,323.0,323000.0,0.0005004832,-3.3006,False
1462285737,2026-05-01 12:35:20.000000,2026-05-04T12:06:24.007000,2026-05-04,2026,5,Y,35156,FENGYUN 1C DEB,DEBRIS,SMALL,10877,COSMOS 970 DEB,DEBRIS,MEDIUM,96.0,96000.0,0.0002865962,-3.5427,False
1465666118,2026-05-03 12:10:19.000000,2026-05-04T12:06:24.056000,2026-05-04,2026,5,Y,35156,FENGYUN 1C DEB,DEBRIS,SMALL,10877,COSMOS 970 DEB,DEBRIS,MEDIUM,48.0,48000.0,0.0003194142,-3.4956,False
1467263152,2026-05-04 12:07:33.000000,2026-05-04T12:06:24.060000,2026-05-04,2026,5,Y,35156,FENGYUN 1C DEB,DEBRIS,SMALL,10877,COSMOS 970 DEB,DEBRIS,MEDIUM,51.0,51000.0,0.0002817758,-3.5501,False
1463009560,2026-05-01 23:07:04.000000,2026-05-04T12:06:24.073000,2026-05-04,2026,5,Y,35156,FENGYUN 1C DEB,DEBRIS,SMALL,10877,COSMOS 970 DEB,DEBRIS,MEDIUM,82.0,82000.0,0.0003448753,-3.4623,False
1463703926,2026-05-02 05:29:41.000000,2026-05-04T12:06:24.078000,2026-05-04,2026,5,Y,35156,FENGYUN 1C DEB,DEBRIS,SMALL,10877,COSMOS 970 DEB,DEBRIS,MEDIUM,85.0,85000.0,0.0003440904,-3.4633,False
1464144279,2026-05-02 13:38:13.000000,2026-05-04T12:06:24.083000,2026-05-04,2026,5,Y,35156,FENGYUN 1C DEB,DEBRIS,SMALL,10877,COSMOS 970 DEB,DEBRIS,MEDIUM,101.0,101000.0,0.0002384786,-3.6226,False
1465324709,2026-05-03 04:58:07.000000,2026-05-04T12:06:24.088000,2026-05-04,2026,5,Y,35156,FENGYUN 1C DEB,DEBRIS,SMALL,10877,COSMOS 970 DEB,DEBRIS,MEDIUM,129.0,129000.0,0.0001924897,-3.7156,False
1464733807,2026-05-02 21:50:01.000000,2026-05-04T12:06:24.093000,2026-05-04,2026,5,Y,35156,FENGYUN 1C DEB,DEBRIS,SMALL,10877,COSMOS 970 DEB,DEBRIS,MEDIUM,114.0,114000.0,0.000215559,-3.6664,False
1464280738,2026-05-02 13:37:05.000000,2026-05-04T20:31:55.797000,2026-05-04,2026,5,Y,31085,FENGYUN 1C DEB,DEBRIS,SMALL,29784,FENGYUN 1C DEB,DEBRIS,SMALL,462.0,462000.0,0.0001217782,-3.9144,True
1465698606,2026-05-03 12:08:48.000000,2026-05-04T20:31:55.798000,2026-05-04,2026,5,Y,31085,FENGYUN 1C DEB,DEBRIS,SMALL,29784,FENGYUN 1C DEB,DEBRIS,SMALL,462.0,462000.0,0.0001119518,-3.951,True
1464985535,2026-05-02 21:48:48.000000,2026-05-04T20:31:55.816000,2026-05-04,2026,5,Y,31085,FENGYUN 1C DEB,DEBRIS,SMALL,29784,FENGYUN 1C DEB,DEBRIS,SMALL,581.0,581000.0,0.0001232562,-3.9092,True
